,trade_date,涨停比率,跌停比率,地天板比率,天地板比率,天地板比率剪刀差,涨跌停比率剪刀差,连板比率剪刀差,自由流通市值加权涨跌停比率剪刀差,自由流通市值加权连板比率剪刀差,自由流通市值加权地天与天地板比率剪刀差,pct_chg
0,20210104,0.043333333333333335,0,0,0,0,0.043333333333333335,0,0.040235999999999994,0,0,1.0828
1,20210105,0.05,0,0,0,0,0.05,0,0.045957000000000005,0,0,1.9133
2,20210106,0.01,0,0,0,0,0.01,0.0033333333333333335,0.004536999999999999,0.000766,0,0.9158
3,20210107,0.023333333333333334,0.0033333333333333335,0,0,0,0.02,0.0033333333333333335,0.012452000000000001,0.000766,0,1.7718
4,20210108,0.023333333333333334,0,0,0,0,0.023333333333333334,0.0033333333333333335,0.011756,0.000766,0,-0.3306
5,20210111,0.006666666666666667,0.0033333333333333335,0,0,0,0.0033333333333333335,0,0.002792,0,0,-0.9876
6,20210112,0.023333333333333334,0,0,0,0,0.023333333333333334,0,0.027575000000000002,0,0,2.8522
7,20210113,0.013333333333333334,0.0033333333333333335,0,0,0,0.01,0,0.0046370000000000005,0,0,-0.3285
8,20210114,0.006666666666666667,0.03333333333333333,0,0,0,-0.026666666666666665,0.0033333333333333335,-0.015931,0.003239,0,-1.9275
9,20210115,0.006666666666666667,0.006666666666666667,0,0,0,0.0,0,-0.003582,0,0,-0.2262
10,20210118,0.013333333333333334,0,0,0,0,0.013333333333333334,0,0.010050999999999997,0,0,1.1073
11,20210119,0.0033333333333333335,0.01,0,0,0,-0.006666666666666666,0,-0.008676999999999997,0,0,-1.4677
12,20210120,0.02,0,0,0,0,0.02,0,0.01388,0,0,0.7156
13,20210121,0.013333333333333334,0,0,0,0,0.013333333333333334,0.0033333333333333335,0.007428,0.001479,0,1.6167
14,20210122,0.016666666666666666,0,0,0,0,0.016666666666666666,0,0.017043,0,0,0.0864
15,20210125,0.013333333333333334,0,0,0,0,0.013333333333333334,0,0.020363,0,0,1.0081
16,20210126,0.01,0.013333333333333334,0,0,0,-0.003333333333333334,0,-0.0067,0,0,-2.0078
17,20210127,0.013333333333333334,0,0,0,0,0.013333333333333334,0.0033333333333333335,0.011436000000000002,0.001929,0,0.2727
18,20210128,0.0033333333333333335,0.013333333333333334,0,0,0,-0.01,0.0033333333333333335,-0.011095999999999998,0.000826,0,-2.729
19,20210129,0.006666666666666667,0.0033333333333333335,0,0,0,0.0033333333333333335,0.0033333333333333335,0.001533,0.000826,0,-0.4682
20,20210201,0.016666666666666666,0.0033333333333333335,0,0,0,0.013333333333333332,0,0.005275000000000002,0,0,1.2273
21,20210202,0.02,0.0033333333333333335,0,0,0,0.016666666666666666,0,0.011647999999999999,0,0,1.5402
22,20210203,0.01,0.0033333333333333335,0,0,0,0.006666666666666666,0,0.008827000000000002,0,0,-0.2889
23,20210204,0.0033333333333333335,0.013333333333333334,0,0,0,-0.01,0,-0.004659000000000001,0,0,-0.2052
24,20210205,0.006666666666666667,0.016666666666666666,0,0,0,-0.009999999999999998,0,-0.013984,0,0,0.1729
25,20210208,0.023333333333333334,0.006666666666666667,0,0,0,0.016666666666666666,0,0.019733,0,0,1.4799
26,20210209,0.030000000000000002,0,0,0,0,0.030000000000000002,0,0.018555000000000002,0,0,2.1868
27,20210210,0.030000000000000002,0,0,0,0,0.030000000000000002,0.0033333333333333335,0.033687,0.004129,0,2.1362
28,20210218,0.030000000000000002,0.006666666666666667,0,0,0,0.023333333333333334,0.0033333333333333335,0.011653,0.000882,0,-0.6773
29,20210219,0.02666666666666667,0.0033333333333333335,0,0,0,0.023333333333333334,0.006666666666666667,0.012078999999999998,0.002859,0,0.1813
30,20210222,0.02,0.02,0,0,0,0.0,0.0,-0.006480000000000003,0.000276,0,-3.1409
31,20210223,0.01,0,0,0,0,0.01,0.0033333333333333335,0.006549,0.001263,0,-0.3156
32,20210224,0,0.02666666666666667,0,0,0,-0.02666666666666667,0,-0.032908,0,0,-2.5467
33,20210225,0.013333333333333334,0,0,0,0,0.013333333333333334,0,0.013034,0,0,0.5883
34,20210226,0,0,0,0,0,0,0,0,0,0,-2.4279
35,20210301,0.013333333333333334,0,0,0,0,0.013333333333333334,0,0.005445,0,0,1.5369
36,20210302,0,0.006666666666666667,0,0,0,-0.006666666666666667,0,-0.0035050000000000003,0,0,-1.2762
37,20210303,0.013333333333333334,0,0,0,0,0.013333333333333334,0,0.010145,0,0,1.9176
38,20210304,0.0033333333333333335,0.023333333333333334,0,0,0,-0.02,0.0033333333333333335,-0.024902999999999998,0.001263,0,-3.1456
39,20210305,0.0033333333333333335,0.0033333333333333335,0,0,0,0.0,-0.0033333333333333335,-0.001638,-0.003188,0,-0.3392
40,20210308,0,0.043333333333333335,0,0,0,-0.043333333333333335,0,-0.067381,0,0,-3.4729
41,20210309,0,0.013333333333333334,0,0,0,-0.013333333333333334,-0.006666666666666667,-0.012489999999999998,-0.005273999999999999,0,-2.1462
42,20210310,0.01,0.0033333333333333335,0,0,0,0.006666666666666666,0,0.012448,0,0,0.6561
43,20210311,0.016666666666666666,0,0,0,0,0.016666666666666666,0,0.010607,0,0,2.4903
44,20210312,0.006666666666666667,0.0033333333333333335,0,0,0,0.0033333333333333335,0.0033333333333333335,4.200000000000037e-05,0.00039600000000000003,0,0.3542
45,20210315,0.0033333333333333335,0.01,0,0,0,-0.006666666666666666,0,-0.016175000000000002,0,0,-2.1536
46,20210316,0,0.0033333333333333335,0,0,0,-0.0033333333333333335,0,-0.003402,0,0,0.8702
47,20210317,0.006666666666666667,0.0033333333333333335,0,0,0,0.0033333333333333335,0,0.002785,0,0,0.4232
48,20210318,0.006666666666666667,0,0,0,0,0.006666666666666667,0,0.0036360000000000003,0,0,0.802
49,20210319,0,0,0,0,0,0,0,0,0,0,-2.6193
50,20210322,0.0033333333333333335,0.0033333333333333335,0,0,0,0.0,0,-0.0028580000000000003,0,0,0.9998
51,20210323,0,0.01,0,0,0,-0.01,0,-0.009431,0,0,-0.9473
52,20210324,0,0.01,0,0,0,-0.01,0,-0.006406,0,0,-1.6082
53,20210325,0,0,0,0,0,0,0,0,0,0,-0.0474
54,20210326,0.013333333333333334,0,0,0,0,0.013333333333333334,0,0.0077280000000000005,0,0,2.2662
55,20210329,0.0033333333333333335,0.0033333333333333335,0,0,0,0.0,0,0.002017,0,0,0.1764
56,20210330,0.006666666666666667,0,0,0,0,0.006666666666666667,0,0.005666,0,0,0.9481
57,20210331,0.006666666666666667,0.0033333333333333335,0,0,0,0.0033333333333333335,0,0.00216,0,0,-0.9101
58,20210401,0.0033333333333333335,0,0,0,0,0.0033333333333333335,0,0.00053,0,0,1.2364
59,20210402,0.0033333333333333335,0,0,0,0,0.0033333333333333335,0,0.0014199999999999998,0,0,0.9936
60,20210406,0.006666666666666667,0.0033333333333333335,0,0,0,0.0033333333333333335,0,-0.0009200000000000002,0,0,-0.411
61,20210407,0.01,0.0033333333333333335,0,0,0,0.006666666666666666,-0.0033333333333333335,0.0026799999999999997,-0.00222,0,-0.712
62,20210408,0.006666666666666667,0,0,0,0,0.006666666666666667,0,0.00182,0,0,0.1659
63,20210409,0.006666666666666667,0.006666666666666667,0,0,0,0.0,0,-0.009670000000000002,0,0,-1.5037
64,20210412,0.0033333333333333335,0.0033333333333333335,0,0,0,0.0,0,-1.9999999999999944e-05,0,0,-1.7395
65,20210413,0,0.013333333333333334,0,0,0,-0.013333333333333334,-0.0033333333333333335,-0.01896,-0.00057,0,-0.1638
66,20210414,0.0033333333333333335,0.0033333333333333335,0,0,0,0.0,-0.0033333333333333335,0.0011300000000000001,-0.00057,0,0.8297
67,20210415,0,0,0,0,0,0,0,0,0,0,-0.6355
68,20210416,0.0033333333333333335,0,0,0,0,0.0033333333333333335,0,0.00166,0,0,0.3477
69,20210419,0.030000000000000002,0,0,0,0,0.030000000000000002,0.0033333333333333335,0.029249999999999998,0.00166,0,2.4332
70,20210420,0,0,0,0,0,0,0,0,0,0,-0.0718
71,20210421,0.0033333333333333335,0,0,0,0,0.0033333333333333335,0,0.00188,0,0,0.3025
72,20210422,0.006666666666666667,0,0,0,0,0.006666666666666667,0,0.00517,0,0,-0.1863
73,20210423,0.006666666666666667,0,0,0,0,0.006666666666666667,0,0.006,0,0,0.908
74,20210426,0.0033333333333333335,0,0,0,0,0.0033333333333333335,0.0033333333333333335,0.00086,0.00086,0,-1.1336
75,20210427,0,0.006666666666666667,0,0,0,-0.006666666666666667,0,-0.00392,0,0,0.2616
76,20210428,0.016666666666666666,0.0033333333333333335,0,0,0,0.013333333333333332,0,0.0071400000000000005,0,0,0.5642
77,20210429,0.013333333333333334,0,0,0,0,0.013333333333333334,0,0.0075699999999999995,0,0,0.8776
78,20210430,0.006666666666666667,0.02,0,0,0,-0.013333333333333332,0,-0.00204,0,0,-0.7877
79,20210506,0.006666666666666667,0.013333333333333334,0,0,0,-0.006666666666666667,0,-0.009069999999999998,0,0,-1.2172
80,20210507,0.0033333333333333335,0.0033333333333333335,0,0,0,0.0,0,-0.004807,0,0,-1.2857
81,20210510,0.02,0.006666666666666667,0,0,0,0.013333333333333332,0.0033333333333333335,0.006785999999999999,0.001828,0,-0.0727
82,20210511,0.01,0.0033333333333333335,0,0,0,0.006666666666666666,0,0.0012489999999999997,0,0,0.6137
83,20210512,0.006666666666666667,0,0,0,0,0.006666666666666667,0,0.006495000000000001,0,0,0.4278
84,20210513,0,0,0,0,0,0,0,0,0,0,-1.0224
85,20210514,0.030000000000000002,0,0,0,0,0.030000000000000002,0,0.024763,0,0,2.3556
86,20210517,0.01,0,0,0,0,0.01,0,0.012953,0,0,1.4557
87,20210518,0.006666666666666667,0,0,0,0,0.006666666666666667,0,0.0016219999999999997,0,0,0.0505
88,20210519,0.0033333333333333335,0,0,0,0,0.0033333333333333335,0.0033333333333333335,0.0010689999999999999,0.0010689999999999999,0,-0.2955
89,20210520,0.0033333333333333335,0,0,0,0,0.0033333333333333335,0,0.0009760000000000001,0,0,0.2734
90,20210521,0.0033333333333333335,0.0033333333333333335,0,0,0,0.0,0,-0.002130999999999999,0,0,-1.0077
91,20210524,0.0033333333333333335,0.0033333333333333335,0,0,0,0.0,0,-0.0007510000000000004,0,0,0.4176
92,20210525,0.01,0,0,0,0,0.01,0,0.0061470000000000006,0,0,3.1595
93,20210526,0.006666666666666667,0,0,0,0,0.006666666666666667,0.0033333333333333335,0.003269,0.002552,0,0.0398
94,20210527,0.01,0,0,0,0,0.01,0,0.003728,0,0,0.3315
95,20210528,0.006666666666666667,0,0,0,0,0.006666666666666667,0,0.0051199999999999996,0,0,-0.3212
96,20210531,0.0033333333333333335,0.0033333333333333335,0,0,0,0.0,0,0.004292,0,0,0.197
97,20210601,0,0,0,0,0,0,0,0,0,0,0.1896
98,20210602,0,0,0,0,0,0,0,0,0,0,-0.968
99,20210603,0.006666666666666667,0,0,0,0,0.006666666666666667,0,0.001454,0,0,-0.6557
100,20210604,0.0033333333333333335,0,0,0,0,0.0033333333333333335,0,0.000797,0,0,0.5136
101,20210607,0,0,0,0,0,0,0,0,0,0,-0.088
102,20210608,0.0033333333333333335,0.006666666666666667,0,0,0,-0.0033333333333333335,0,-0.005646999999999999,0,0,-0.8623
103,20210609,0,0,0,0,0,0,0,0,0,0,0.0828
104,20210610,0.006666666666666667,0,0,0,0,0.006666666666666667,0,0.0066949999999999996,0,0,0.6687
105,20210611,0,0.0033333333333333335,0,0,0,-0.0033333333333333335,0,-0.006991000000000001,0,0,-0.8871
106,20210615,0,0.006666666666666667,0,0,0,-0.006666666666666667,0,-0.004288999999999999,0,0,-1.1129
107,20210616,0.0033333333333333335,0.013333333333333334,0,0,0,-0.01,0,-0.013897,0,0,-1.6659
108,20210617,0.02,0.0033333333333333335,0,0,0,0.016666666666666666,0,0.023253,0,0,0.4212
109,20210618,0.006666666666666667,0,0,0,0,0.006666666666666667,0,0.006354,0,0,0.0112
110,20210621,0.0033333333333333335,0,0,0,0,0.0033333333333333335,0,0.00122,0,0,-0.2368
111,20210622,0.0033333333333333335,0,0,0,0,0.0033333333333333335,0,0.00058,0,0,0.6242
112,20210623,0.02,0,0,0,0,0.02,0,0.010879000000000002,0,0,0.4927
113,20210624,0.013333333333333334,0,0,0,0,0.013333333333333334,0,0.008079,0,0,0.1667
114,20210625,0.013333333333333334,0,0,0,0,0.013333333333333334,0.0033333333333333335,0.005664,0.00024400000000000002,0,1.6291
115,20210628,0.013333333333333334,0,0,0,0,0.013333333333333334,0,0.0069609999999999984,0,0,0.225
116,20210629,0,0,0,0,0,0,0,0,0,0,-1.1656
117,20210630,0.0033333333333333335,0,0,0,0,0.0033333333333333335,0,0.00048,0,0,0.6453
118,20210701,0,0.0033333333333333335,0,0,0,-0.0033333333333333335,0,-0.0008,0,0,0.1076
119,20210702,0,0,0,0,0,0,0,0,0,0,-2.8405
120,20210705,0.01,0.0033333333333333335,0,0,0,0.006666666666666666,0,0.00612,0,0,0.092
121,20210706,0.006666666666666667,0.01,0,0,0,-0.003333333333333333,0,-0.01001,0,0,-0.0529
122,20210707,0.023333333333333334,0,0,0,0,0.023333333333333334,0,0.015199999999999998,0,0,1.1289
123,20210708,0.01,0.0033333333333333335,0,0,0,0.006666666666666666,0.006666666666666667,-0.0004399999999999994,0.00299,0,-1.0161
124,20210709,0.01,0,0,0,0,0.01,0,0.00538,0,0,-0.3699
125,20210712,0.030000000000000002,0.0033333333333333335,0,0,0,0.02666666666666667,0.0033333333333333335,0.026140000000000004,0.00211,0,1.2481
126,20210713,0.01,0.0033333333333333335,0,0,0,0.006666666666666666,0,0.008919999999999999,0,0,0.183
127,20210714,0.006666666666666667,0,0,0,0,0.006666666666666667,0,0.00132,0,0,-1.1477
128,20210715,0.01,0.0033333333333333335,0,0,0,0.006666666666666666,0,0.00547,0,0,1.3452
129,20210716,0.01,0.0033333333333333335,0,0,0,0.006666666666666666,0,0.00304,0,0,-1.1005
130,20210719,0,0,0,0,0,0,0,0,0,0,0.3675
131,20210720,0.006666666666666667,0,0,0,0,0.006666666666666667,0,0.005030000000000001,0,0,-0.088
132,20210721,0.030000000000000002,0.0033333333333333335,0,0,0,0.02666666666666667,0,0.022919999999999996,0,0,0.686
133,20210722,0.016666666666666666,0.01,0,0,0,0.006666666666666666,0.0033333333333333335,0.00039000000000000146,0.00165,0,0.1499
134,20210723,0.006666666666666667,0.0033333333333333335,0,0,0,0.0033333333333333335,0.0,0.00023999999999999998,-0.00076,0,-1.2136
135,20210726,0,0.03333333333333333,0,0,0,-0.03333333333333333,-0.0033333333333333335,-0.030359999999999998,-0.00115,0,-3.2211
136,20210727,0.006666666666666667,0.02,0,0,0,-0.013333333333333332,0,-0.02013,0,0,-3.5325
137,20210728,0.006666666666666667,0,0,0,0,0.006666666666666667,0,0.00711,0,0,0.193
138,20210729,0.05,0,0,0,0,0.05,0,0.04034,0,0,1.8862
139,20210730,0.02666666666666667,0.0033333333333333335,0,0,0,0.023333333333333334,0,0.0252,0,0,-0.8062
140,20210802,0.043333333333333335,0,0,0,0,0.043333333333333335,0,0.047618999999999995,0,0,2.5475
141,20210803,0.01,0.030000000000000002,0,0,0,-0.020000000000000004,0,-0.024661,0,0,0.0146
142,20210804,0.030000000000000002,0,0,0,0,0.030000000000000002,0,0.045559999999999996,0,0,0.8996
143,20210805,0.006666666666666667,0.0033333333333333335,0,0,0,0.0033333333333333335,0,-0.0002890000000000002,0,0,-0.6061
144,20210806,0.01,0,0,0,0,0.01,0,0.005512,0,0,-0.5477
145,20210809,0.016666666666666666,0,0,0,0,0.016666666666666666,0,0.010428,0,0,1.3004
146,20210810,0.0033333333333333335,0,0,0,0,0.0033333333333333335,0,0.000481,0,0,1.155
147,20210811,0.0033333333333333335,0,0,0,0,0.0033333333333333335,0,0.000954,0,0,-0.5514
148,20210812,0.01,0.0033333333333333335,0,0,0,0.006666666666666666,0.0033333333333333335,-0.0021869999999999997,0.000954,0,-0.8372
149,20210813,0.0033333333333333335,0.0033333333333333335,0,0,0,0.0,0,-0.00040799999999999994,0,0,-0.5503
150,20210816,0.0033333333333333335,0.006666666666666667,0,0,0,-0.0033333333333333335,0,-0.007432000000000001,0,0,-0.0994
151,20210817,0.0033333333333333335,0,0,0,0,0.0033333333333333335,0,0.002031,0,0,-2.098
152,20210818,0.02666666666666667,0,0,0,0,0.02666666666666667,0,0.012978999999999997,0,0,1.1749
153,20210819,0.01,0.0033333333333333335,0,0,0,0.006666666666666666,0.0033333333333333335,0.0023290000000000003,0.00043700000000000005,0,-0.6559
154,20210820,0.006666666666666667,0.016666666666666666,0,0,0,-0.009999999999999998,0.0,-0.015850999999999997,-0.0015219999999999997,0,-1.9101
155,20210823,0.01,0,0,0,0,0.01,0,0.012257,0,0,1.3967
156,20210824,0.006666666666666667,0,0,0,0,0.006666666666666667,0,0.006744,0,0,1.0859
157,20210825,0.013333333333333334,0.006666666666666667,0,0,0,0.006666666666666667,0,-0.00020599999999999959,0,0,0.1998
158,20210826,0,0.006666666666666667,0,0,0,-0.006666666666666667,0,-0.003382,0,0,-1.9711
159,20210827,0.006666666666666667,0.0033333333333333335,0,0,0,0.0033333333333333335,0,0.0032619999999999993,0,0,0.5297
160,20210830,0.01,0.016666666666666666,0,0,0,-0.006666666666666666,-0.0033333333333333335,-0.002478000000000001,-0.0020280000000000003,0,-0.2853
161,20210831,0.016666666666666666,0.013333333333333334,0,0,0,0.0033333333333333322,0,-9.99999999999994e-05,0,0,-0.1592
162,20210901,0.043333333333333335,0.01,0,0,0,0.03333333333333333,0,0.005792000000000002,0,0,1.3286
163,20210902,0.02666666666666667,0,0,0,0,0.02666666666666667,0,0.024435,0,0,-0.001
164,20210903,0.02,0.0033333333333333335,0,0,0,0.016666666666666666,0.006666666666666667,0.004332,0.0032569999999999995,0,-0.5411
165,20210906,0.02,0,0,0,0,0.02,0.0033333333333333335,0.013754,0.002174,0,1.872
166,20210907,0.016666666666666666,0,0,0,0,0.016666666666666666,0,0.012321,0,0,1.1979
167,20210908,0.01,0,0,0,0,0.01,0,0.00775,0,0,-0.4145
168,20210909,0.016666666666666666,0,0,0,0,0.016666666666666666,0,0.009672000000000002,0,0,-0.0426
169,20210910,0,0,0,0,0,0,0,0,0,0,0.8754
170,20210913,0.006666666666666667,0.0033333333333333335,0,0,0,0.0033333333333333335,0,0.00612,0,0,-0.4361
171,20210914,0.006666666666666667,0,0,0,0,0.006666666666666667,0,0.005832,0,0,-1.4925
172,20210915,0.006666666666666667,0,0,0,0,0.006666666666666667,0,0.0029569999999999996,0,0,-1.0137
173,20210916,0.006666666666666667,0.006666666666666667,0,0,0,0.0,0,-0.009557000000000001,0,0,-1.2249
174,20210917,0.02,0,0,0,0,0.02,0,0.008610000000000001,0,0,1.0034
175,20210922,0.04,0,0,0,0,0.04,0.0033333333333333335,0.016728999999999997,0.000394,0,-0.7037
176,20210923,0.013333333333333334,0,0,0,0,0.013333333333333334,0.01,0.007541,0.0031899999999999997,0,0.6518
177,20210924,0.006666666666666667,0.0033333333333333335,0,0,0,0.0033333333333333335,0.0033333333333333335,0.0035570000000000003,0.000394,0,-0.0776
178,20210927,0.016666666666666666,0.030000000000000002,0,0,0,-0.013333333333333336,0,0.050027,0,0,0.5762
179,20210928,0.01,0.0033333333333333335,0,0,0,0.006666666666666666,0,-0.0054589999999999994,0,0,0.1324
180,20210929,0,0.0033333333333333335,0,0,0,-0.0033333333333333335,0,-0.002362,0,0,-1.0217
181,20210930,0.006666666666666667,0,0,0,0,0.006666666666666667,0,0.00242,0,0,0.6714
182,20211008,0.006666666666666667,0.013333333333333334,0,0,0,-0.006666666666666667,0,-0.01167,0,0,1.3061
183,20211011,0.006666666666666667,0,0,0,0,0.006666666666666667,0,0.0031000000000000003,0,0,0.1268
184,20211012,0,0.0033333333333333335,0,0,0,-0.0033333333333333335,0,-0.00164,0,0,-1.0606
185,20211013,0.006666666666666667,0,0,0,0,0.006666666666666667,0,0.00281,0,0,1.1522
186,20211014,0.006666666666666667,0.0033333333333333335,0,0,0,0.0033333333333333335,0.0033333333333333335,-0.0017700000000000003,0.00101,0,-0.5364
187,20211015,0,0.013333333333333334,0,0,0,-0.013333333333333334,-0.0033333333333333335,-0.00715,-0.0034100000000000003,0,0.3764
188,20211018,0,0.0033333333333333335,0,0,0,-0.0033333333333333335,0,-0.00774,0,0,-1.1624
189,20211019,0.013333333333333334,0,0,0,0,0.013333333333333334,0,0.00471,0,0,0.9836
190,20211020,0.006666666666666667,0,0,0,0,0.006666666666666667,0,0.00329,0,0,-0.2547
191,20211021,0.006666666666666667,0,0,0,0,0.006666666666666667,0,0.00232,0,0,0.3631
192,20211022,0.0033333333333333335,0,0,0,0,0.0033333333333333335,0,0.00037999999999999997,0,0,0.6435
193,20211025,0.013333333333333334,0,0,0,0,0.013333333333333334,0,0.01052,0,0,0.3992
194,20211026,0.016666666666666666,0.0033333333333333335,0,0,0,0.013333333333333332,0,0.00404,0,0,-0.3299
195,20211027,0.01,0.006666666666666667,0,0,0,0.003333333333333333,0,0.0024599999999999995,0,0,-1.3083
196,20211028,0.0033333333333333335,0.006666666666666667,0,0,0,-0.0033333333333333335,0,-0.00123,0,0,-0.6947
197,20211029,0.016666666666666666,0.006666666666666667,0,0,0,0.009999999999999998,0,0.0201,0,0,0.9176
198,20211101,0.016666666666666666,0.006666666666666667,0,0,0,0.009999999999999998,0,-0.0066560000000000005,0,0,-0.3684
199,20211102,0.01,0,0,0,0,0.01,0,0.004345,0,0,-1.0395
200,20211103,0.006666666666666667,0,0,0,0,0.006666666666666667,0,0.002467,0,0,-0.3871
201,20211104,0.013333333333333334,0,0,0,0,0.013333333333333334,0,0.006762,0,0,0.9879
202,20211105,0.0033333333333333335,0,0,0,0,0.0033333333333333335,0,0.003503,0,0,-0.5422
203,20211108,0.01,0,0,0,0,0.01,0,0.012395,0,0,0.1205
204,20211109,0,0,0,0,0,0,0,0,0,0,-0.0296
205,20211110,0.0033333333333333335,0,0,0,0,0.0033333333333333335,0,0.004229,0,0,-0.5272
206,20211111,0.02666666666666667,0,0,0,0,0.02666666666666667,0,0.026035,0,0,1.6067
207,20211112,0.0033333333333333335,0,0,0,0,0.0033333333333333335,0,0.0013650000000000001,0,0,-0.2098
208,20211115,0.0033333333333333335,0,0,0,0,0.0033333333333333335,0,0.0014680000000000001,0,0,-0.1227
209,20211116,0.013333333333333334,0,0,0,0,0.013333333333333334,0,0.004212,0,0,0.0193
210,20211117,0,0,0,0,0,0,0,0,0,0,0.0498
211,20211118,0.0033333333333333335,0,0,0,0,0.0033333333333333335,0,0.000843,0,0,-0.9852
212,20211119,0.0033333333333333335,0,0,0,0,0.0033333333333333335,0,0.001011,0,0,1.084
213,20211122,0.006666666666666667,0,0,0,0,0.006666666666666667,0,0.006069,0,0,0.4569
214,20211123,0,0,0,0,0,0,0,0,0,0,0.0193
215,20211124,0,0,0,0,0,0,0,0,0,0,0.0674
216,20211125,0.0033333333333333335,0,0,0,0,0.0033333333333333335,0,0.005106,0,0,-0.4112
217,20211126,0.0033333333333333335,0,0,0,0,0.0033333333333333335,0,0.001767,0,0,-0.7417
218,20211129,0.006666666666666667,0,0,0,0,0.006666666666666667,0,0.00785,0,0,-0.1791
219,20211130,0.0033333333333333335,0,0,0,0,0.0033333333333333335,0,0.00496,0,0,-0.3998
220,20211201,0.01,0,0,0,0,0.01,0,0.006070999999999999,0,0,0.2447
221,20211202,0.01,0,0,0,0,0.01,0,0.008931,0,0,0.2542
222,20211203,0.01,0,0,0,0,0.01,0.0033333333333333335,0.003184,0.0008500000000000001,0,0.9237
223,20211206,0.0033333333333333335,0,0,0,0,0.0033333333333333335,0,0.0017430000000000002,0,0,-0.1713
224,20211207,0.0033333333333333335,0,0,0,0,0.0033333333333333335,0,0.00074,0,0,0.6026
225,20211208,0.013333333333333334,0,0,0,0,0.013333333333333334,0,0.004844,0,0,1.4999
226,20211209,0.02666666666666667,0,0,0,0,0.02666666666666667,0.0033333333333333335,0.010764,0.000144,0,1.6566
227,20211210,0.006666666666666667,0,0,0,0,0.006666666666666667,0.0033333333333333335,0.00047400000000000003,0.000144,0,-0.4642
228,20211213,0.006666666666666667,0,0,0,0,0.006666666666666667,0,0.004077,0,0,0.5674
229,20211214,0,0.0033333333333333335,0,0,0,-0.0033333333333333335,0,-0.000144,0,0,-0.6709
230,20211215,0,0.0033333333333333335,0,0,0,-0.0033333333333333335,0,-0.013243,0,0,-0.8673
231,20211216,0.0033333333333333335,0,0,0,0,0.0033333333333333335,0,0.000144,0,0,0.576
232,20211217,0.0033333333333333335,0.0033333333333333335,0,0,0,0.0,0.0033333333333333335,-0.000714,0.000144,0,-1.5884
233,20211220,0,0.006666666666666667,0,0,0,-0.006666666666666667,0,-0.008513,0,0,-1.5004
234,20211221,0,0,0,0,0,0,0,0,0,0,0.6776
235,20211222,0.006666666666666667,0,0,0,0,0.006666666666666667,0,0.0018640000000000002,0,0,0.0197
236,20211223,0.006666666666666667,0,0,0,0,0.006666666666666667,0,0.003226,0,0,0.6976
237,20211224,0.0033333333333333335,0,0,0,0,0.0033333333333333335,0,0.000991,0,0,-0.5536
238,20211227,0.006666666666666667,0,0,0,0,0.006666666666666667,0,0.0015979999999999998,0,0,-0.0411
239,20211228,0.0033333333333333335,0,0,0,0,0.0033333333333333335,0,0.00054,0,0,0.7448
240,20211229,0.0033333333333333335,0.0033333333333333335,0,0,0,0.0,0,-0.005823,0,0,-1.4626
241,20211230,0.006666666666666667,0,0,0,0,0.006666666666666667,0,0.006311,0,0,0.7788
242,20211231,0.006666666666666667,0,0,0,0,0.006666666666666667,0,0.00272,0,0,0.3833
243,20220104,0.0033333333333333335,0.01,0,0,0,-0.006666666666666666,0,-0.009798999999999999,0,0,-0.4576
244,20220105,0,0.0033333333333333335,0,0,0,-0.0033333333333333335,0,-0.004252000000000001,0,0,-1.0095
245,20220106,0.0033333333333333335,0,0,0,0,0.0033333333333333335,0,0.002734,0,0,-1.0248
246,20220107,0,0,0,0,0,0,0,0,0,0,0.0859
247,20220110,0.0033333333333333335,0,0,0,0,0.0033333333333333335,0,0.002155,0,0,0.4495
248,20220111,0,0,0,0,0,0,0,0,0,0,-0.9552
249,20220112,0.006666666666666667,0,0,0,0,0.006666666666666667,0,0.005842,0,0,0.9964
250,20220113,0,0,0,0,0,0,0,0,0,0,-1.644
251,20220114,0.0033333333333333335,0,0,0,0,0.0033333333333333335,0,0.001008,0,0,-0.8222
252,20220117,0.006666666666666667,0,0,0,0,0.006666666666666667,0,0.0030629999999999998,0,0,0.8578
253,20220118,0.006666666666666667,0.0033333333333333335,0,0,0,0.0033333333333333335,0,0.000719,0,0,0.9664
254,20220119,0,0.0033333333333333335,0,0,0,-0.0033333333333333335,0,-0.0039700000000000004,0,0,-0.6849
255,20220120,0.0033333333333333335,0.0033333333333333335,0,0,0,0.0,-0.0033333333333333335,-0.0026190000000000007,-0.0039700000000000004,0,0.9022
256,20220121,0,0.013333333333333334,0,0,0,-0.013333333333333334,-0.0033333333333333335,-0.007912,-0.0039700000000000004,0,-0.9162
257,20220124,0.0033333333333333335,0.0033333333333333335,0,0,0,0.0,0,0.0038390000000000004,0,0,0.1553
258,20220125,0,0,0,0,0,0,0,0,0,0,-2.2622
259,20220126,0,0,0,0,0,0,0,0,0,0,0.7237
260,20220127,0,0.006666666666666667,0,0,0,-0.006666666666666667,0,-0.012187,0,0,-1.9616
261,20220128,0,0,0,0,0,0,0,0,0,0,-1.2144
262,20220207,0.016666666666666666,0.006666666666666667,0,0,0,0.009999999999999998,0,0.009251000000000002,0,0,1.5408
263,20220208,0,0.013333333333333334,0,0,0,-0.013333333333333334,0,-0.017362999999999996,0,0,-0.5463
264,20220209,0,0,0,0,0,0,0,0,0,0,0.9393
265,20220210,0.0033333333333333335,0.0033333333333333335,0,0,0,0.0,0,-0.0021449999999999998,0,0,-0.2622
266,20220211,0,0.0033333333333333335,0,0,0,-0.0033333333333333335,0,-0.0014099999999999998,0,0,-0.8291
267,20220214,0,0.006666666666666667,0,0,0,-0.006666666666666667,0,-0.015715,0,0,-1.0803
268,20220215,0.016666666666666666,0,0,0,0,0.016666666666666666,0,0.016971,0,0,1.0637
269,20220216,0.0033333333333333335,0,0,0,0,0.0033333333333333335,0,0.000337,0,0,0.3888
270,20220217,0.0033333333333333335,0,0,0,0,0.0033333333333333335,0,0.004124,0,0,0.242
271,20220218,0,0,0,0,0,0,0,0,0,0,0.4768
272,20220221,0.0033333333333333335,0,0,0,0,0.0033333333333333335,0,0.000581,0,0,-0.3638
273,20220222,0,0.0033333333333333335,0,0,0,-0.0033333333333333335,0,-0.001581,0,0,-1.2982
274,20220223,0.01,0.0033333333333333335,0,0,0,0.006666666666666666,0,0.006347,0,0,1.0689
275,20220224,0,0.0033333333333333335,0,0,0,-0.0033333333333333335,-0.0033333333333333335,-0.0009760000000000001,-0.0009760000000000001,0,-2.0274
276,20220225,0.0033333333333333335,0,0,0,0,0.0033333333333333335,0,0.00169,0,0,0.9738
277,20220228,0,0,0,0,0,0,0,0,0,0,0.1798
278,20220301,0.0033333333333333335,0,0,0,0,0.0033333333333333335,0,0.0018340000000000001,0,0,0.8303
279,20220302,0,0,0,0,0,0,0,0,0,0,-0.8894
280,20220303,0,0,0,0,0,0,0,0,0,0,-0.5891
281,20220304,0,0,0,0,0,0,0,0,0,0,-1.2127
282,20220307,0,0.013333333333333334,0,0,0,-0.013333333333333334,0,-0.009383,0,0,-3.1948
283,20220308,0,0.01,0,0,0,-0.01,0,-0.011288000000000001,0,0,-2.0076
284,20220309,0.0033333333333333335,0.0033333333333333335,0,0,0,0.0,-0.0033333333333333335,-0.004912,-0.005555,0,-0.9154
285,20220310,0.013333333333333334,0,0,0,0,0.013333333333333334,0,0.0095,0,0,1.5733
286,20220311,0.016666666666666666,0,0,0,0,0.016666666666666666,0,0.004482000000000001,0,0,0.3188
287,20220314,0.01,0,0,0,0,0.01,0.006666666666666667,0.002443,0.0018000000000000002,0,-3.0596
288,20220315,0,0.043333333333333335,0,0,0,-0.043333333333333335,0,-0.029649,0,0,-4.5738
289,20220316,0.04,0,0,0,0,0.04,0,0.037982,0,0,4.3242
290,20220317,0.016666666666666666,0,0,0,0,0.016666666666666666,0,0.005138,0,0,1.9637
291,20220318,0.016666666666666666,0,0,0,0,0.016666666666666666,0.006666666666666667,0.012995000000000001,0.002358,0,0.6656
292,20220321,0.006666666666666667,0,0,0,0,0.006666666666666667,0.0033333333333333335,0.003496,0.001034,0,-0.1677
293,20220322,0.0033333333333333335,0,0,0,0,0.0033333333333333335,0,0.0007779999999999999,0,0,-0.081
294,20220323,0.01,0,0,0,0,0.01,0,0.007906,0,0,0.4987
295,20220324,0.0033333333333333335,0.0033333333333333335,0,0,0,0.0,0,-0.0032189999999999996,0,0,-0.5895
296,20220325,0.0033333333333333335,0,0,0,0,0.0033333333333333335,0,0.000558,0,0,-1.8049
297,20220328,0,0.0033333333333333335,0,0,0,-0.0033333333333333335,0,-0.0010680000000000002,0,0,-0.6254
298,20220329,0,0,0,0,0,0,0,0,0,0,-0.3452
299,20220330,0.02666666666666667,0,0,0,0,0.02666666666666667,0,0.014447000000000002,0,0,2.9016
300,20220331,0,0,0,0,0,0,0,0,0,0,-0.7405
301,20220401,0.006666666666666667,0,0,0,0,0.006666666666666667,0,0.006694,0,0,1.2684
302,20220406,0,0,0,0,0,0,0,0,0,0,-0.288
303,20220407,0,0,0,0,0,0,0,0,0,0,-1.2838
304,20220408,0,0,0,0,0,0,0,0,0,0,0.5148
305,20220411,0,0.0033333333333333335,0,0,0,-0.0033333333333333335,0,-0.0044269999999999995,0,0,-3.0892
306,20220412,0.02666666666666667,0,0,0,0,0.02666666666666667,0,0.021113000000000003,0,0,1.9488
307,20220413,0.0033333333333333335,0.0033333333333333335,0,0,0,0.0,0.0033333333333333335,-0.001976,0.0007679999999999999,0,-0.9626
308,20220414,0.006666666666666667,0.0033333333333333335,0,0,0,0.0033333333333333335,0,-0.0036699999999999997,0,0,1.252
309,20220415,0.006666666666666667,0,0,0,0,0.006666666666666667,0,0.00695,0,0,-0.0673
310,20220418,0.006666666666666667,0.0033333333333333335,0,0,0,0.0033333333333333335,0,0.002809,0,0,-0.5339
311,20220419,0,0.0033333333333333335,0,0,0,-0.0033333333333333335,0,-0.0052569999999999995,0,0,-0.7556
312,20220420,0,0.0033333333333333335,0,0,0,-0.0033333333333333335,0,-0.005697,0,0,-1.5505
313,20220421,0.0033333333333333335,0.013333333333333334,0,0,0,-0.01,-0.0033333333333333335,-0.010088999999999999,-0.005697,0,-1.8414
314,20220422,0,0,0,0,0,0,0,0,0,0,0.4359
315,20220425,0,0.04666666666666667,0,0,0,-0.04666666666666667,0,-0.04055500000000001,0,0,-4.9421
316,20220426,0.01,0.023333333333333334,0,0,0,-0.013333333333333334,-0.0033333333333333335,-0.0028389999999999995,-0.002033,0,-0.8072
317,20220427,0.05666666666666667,0,0,0,0,0.05666666666666667,0,0.06444999999999998,0,0,2.9443
318,20220428,0.02,0.0033333333333333335,0,0,0,0.016666666666666666,0.01,0.008039999999999999,0.006361,0,0.6564
319,20220429,0.07333333333333332,0.0033333333333333335,0,0,0,0.06999999999999999,0,0.03559,0,0,2.4262
320,20220505,0.016666666666666666,0.006666666666666667,0,0,0,0.009999999999999998,0,0.003971000000000001,0,0,-0.1502
321,20220506,0.0033333333333333335,0,0,0,0,0.0033333333333333335,0,0.000961,0,0,-2.5284
322,20220509,0,0.0033333333333333335,0,0,0,-0.0033333333333333335,0,-0.005368,0,0,-0.8028
323,20220510,0.0033333333333333335,0,0,0,0,0.0033333333333333335,0,0.00413,0,0,1.0943
324,20220511,0.013333333333333334,0,0,0,0,0.013333333333333334,0,0.0057599999999999995,0,0,1.4428
325,20220512,0,0,0,0,0,0,0,0,0,0,-0.4447
326,20220513,0.006666666666666667,0,0,0,0,0.006666666666666667,0,0.00411,0,0,0.7543
327,20220516,0,0,0,0,0,0,0,0,0,0,-0.8039
328,20220517,0.006666666666666667,0.0033333333333333335,0,0,0,0.0033333333333333335,0,0.004436000000000001,0,0,1.2474
329,20220518,0.006666666666666667,0,0,0,0,0.006666666666666667,0,0.001165,0,0,-0.3491
330,20220519,0.006666666666666667,0,0,0,0,0.006666666666666667,0.0033333333333333335,0.0011949999999999999,0.000485,0,0.1927
331,20220520,0.006666666666666667,0,0,0,0,0.006666666666666667,0,0.002751,0,0,1.9502
332,20220523,0.0033333333333333335,0,0,0,0,0.0033333333333333335,0,0.002346,0,0,-0.5792
333,20220524,0.0033333333333333335,0,0,0,0,0.0033333333333333335,0,0.001032,0,0,-2.3391
334,20220525,0.0033333333333333335,0,0,0,0,0.0033333333333333335,0,0.000504,0,0,0.6068
335,20220526,0,0.0033333333333333335,0,0,0,-0.0033333333333333335,0,-0.001613,0,0,0.2477
336,20220527,0,0.0033333333333333335,0,0,0,-0.0033333333333333335,0,-0.000846,0,0,0.2067
337,20220530,0.006666666666666667,0,0,0,0,0.006666666666666667,0,0.003575,0,0,0.6928
338,20220531,0.013333333333333334,0,0,0,0,0.013333333333333334,0,0.0086,0,0,1.5512
339,20220601,0.0033333333333333335,0,0,0,0,0.0033333333333333335,0,0.0006450000000000001,0,0,-0.2038
340,20220602,0,0,0,0,0,0,0,0,0,0,0.1565
341,20220606,0.01,0,0,0,0,0.01,0,0.008772,0,0,1.871
342,20220607,0.0033333333333333335,0,0,0,0,0.0033333333333333335,0,0.0007920000000000001,0,0,0.3131
343,20220608,0.006666666666666667,0,0,0,0,0.006666666666666667,0,0.00173,0,0,0.9735
344,20220609,0.0033333333333333335,0.006666666666666667,0,0,0,-0.0033333333333333335,0.0033333333333333335,-0.00112,0.001219,0,-1.046
345,20220610,0.013333333333333334,0,0,0,0,0.013333333333333334,0.0033333333333333335,0.0075580000000000005,0.001219,0,1.5164
346,20220613,0.0033333333333333335,0.0033333333333333335,0,0,0,0.0,0,-0.009955,0,0,-1.1711
347,20220614,0.023333333333333334,0,0,0,0,0.023333333333333334,0.0033333333333333335,0.008244000000000001,0.00046,0,0.7867
348,20220615,0.02,0,0,0,0,0.02,0.006666666666666667,0.009281,0.001623,0,1.3241
349,20220616,0.006666666666666667,0,0,0,0,0.006666666666666667,0,0.0013579999999999998,0,0,-0.6581
350,20220617,0.016666666666666666,0,0,0,0,0.016666666666666666,0,0.006614999999999999,0,0,1.3878
351,20220620,0.01,0,0,0,0,0.01,0,0.005888,0,0,0.4964
352,20220621,0,0,0,0,0,0,0,0,0,0,-0.1124
353,20220622,0.0033333333333333335,0.0033333333333333335,0,0,0,0.0,0,-0.0027210000000000003,0,0,-1.2702
354,20220623,0.013333333333333334,0,0,0,0,0.013333333333333334,0,0.008181,0,0,1.7153
355,20220624,0.006666666666666667,0,0,0,0,0.006666666666666667,0,0.004633999999999999,0,0,1.1716
356,20220627,0.006666666666666667,0,0,0,0,0.006666666666666667,0,0.00209,0,0,1.1261
357,20220628,0.01,0,0,0,0,0.01,0,0.010880999999999998,0,0,1.0407
358,20220629,0.006666666666666667,0.013333333333333334,0,0,0,-0.006666666666666667,0,-0.006135,0,0,-1.5401
359,20220630,0.006666666666666667,0,0,0,0,0.006666666666666667,0,0.00778,0,0,1.4397
360,20220701,0.0033333333333333335,0,0,0,0,0.0033333333333333335,0,0.000747,0,0,-0.4079
361,20220704,0.016666666666666666,0,0,0,0,0.016666666666666666,0,0.022344,0,0,0.6562
362,20220705,0.0033333333333333335,0.0033333333333333335,0,0,0,0.0,0,-0.003395,0,0,-0.1444
363,20220706,0.0033333333333333335,0,0,0,0,0.0033333333333333335,0,0.002057,0,0,-1.4605
364,20220707,0.01,0,0,0,0,0.01,0,0.007986,0,0,0.4409
365,20220708,0,0.0033333333333333335,0,0,0,-0.0033333333333333335,0,-0.002086,0,0,-0.3307
366,20220711,0,0,0,0,0,0,0,0,0,0,-1.6746
367,20220712,0,0,0,0,0,0,0,0,0,0,-0.9415
368,20220713,0.006666666666666667,0,0,0,0,0.006666666666666667,0,0.0023499999999999997,0,0,0.1818
369,20220714,0.0033333333333333335,0.0033333333333333335,0,0,0,0.0,0,0.0003110000000000001,0,0,0.0142
370,20220715,0,0.0033333333333333335,0,0,0,-0.0033333333333333335,0,-0.000505,0,0,-1.7017
371,20220718,0.0033333333333333335,0.0033333333333333335,0,0,0,0.0,0,-0.0007529999999999998,0,0,1.037
372,20220719,0.0033333333333333335,0,0,0,0,0.0033333333333333335,0,0.0011849999999999999,0,0,-0.5415
373,20220720,0.0033333333333333335,0,0,0,0,0.0033333333333333335,0,0.0006419999999999999,0,0,0.3388
374,20220721,0.0033333333333333335,0,0,0,0,0.0033333333333333335,0,0.00193,0,0,-1.1145
375,20220722,0,0,0,0,0,0,0,0,0,0,0.0514
376,20220725,0,0,0,0,0,0,0,0,0,0,-0.6038
377,20220726,0,0,0,0,0,0,0,0,0,0,0.7912
378,20220727,0.006666666666666667,0,0,0,0,0.006666666666666667,0,0.0037949999999999998,0,0,-0.4932
379,20220728,0.0033333333333333335,0,0,0,0,0.0033333333333333335,0,0.001317,0,0,0.0151
380,20220729,0,0,0,0,0,0,0,0,0,0,-1.3151
381,20220801,0.013333333333333334,0,0,0,0,0.013333333333333334,0,0.010206,0,0,0.4455
382,20220802,0.0033333333333333335,0,0,0,0,0.0033333333333333335,0,0.0018210000000000001,0,0,-1.9494
383,20220803,0,0,0,0,0,0,0,0,0,0,-0.9751
384,20220804,0,0,0,0,0,0,0,0,0,0,0.8498
385,20220805,0.02,0,0,0,0,0.02,0,0.012716999999999997,0,0,1.3501
386,20220808,0.0033333333333333335,0,0,0,0,0.0033333333333333335,0,0.0030020000000000003,0,0,-0.2126
387,20220809,0.006666666666666667,0,0,0,0,0.006666666666666667,0,0.002969,0,0,0.1981
388,20220810,0,0.0033333333333333335,0,0,0,-0.0033333333333333335,0,-0.002789,0,0,-1.1201
389,20220811,0.016666666666666666,0,0,0,0,0.016666666666666666,0,0.016203,0,0,2.0392
390,20220812,0.0033333333333333335,0,0,0,0,0.0033333333333333335,0,0.00136,0,0,-0.057
391,20220815,0.006666666666666667,0,0,0,0,0.006666666666666667,0,0.008319,0,0,-0.1306
392,20220816,0,0,0,0,0,0,0,0,0,0,-0.1874
393,20220817,0.0033333333333333335,0,0,0,0,0.0033333333333333335,0,0.00016,0,0,0.9364
394,20220818,0.0033333333333333335,0.0033333333333333335,0,0,0,0.0,0,-0.0008799999999999997,0,0,-0.8741
395,20220819,0.01,0.006666666666666667,0,0,0,0.003333333333333333,0,-0.005744000000000001,0,0,-0.6944
396,20220822,0.006666666666666667,0,0,0,0,0.006666666666666667,0,0.008478000000000001,0,0,0.7305
397,20220823,0,0.0033333333333333335,0,0,0,-0.0033333333333333335,0,-0.004089,0,0,-0.4858
398,20220824,0,0,0,0,0,0,0,0,0,0,-1.8904
399,20220825,0.0033333333333333335,0,0,0,0,0.0033333333333333335,0,0.001785,0,0,0.8284
400,20220826,0,0,0,0,0,0,0,0,0,0,-0.2112
401,20220829,0.0033333333333333335,0,0,0,0,0.0033333333333333335,0,0.0008309999999999999,0,0,-0.4388
402,20220830,0,0,0,0,0,0,0,0,0,0,-0.3357
403,20220831,0.0033333333333333335,0.01,0,0,0,-0.006666666666666666,0,-0.008539999999999999,0,0,0.0747
404,20220901,0,0,0,0,0,0,0,0,0,0,-0.8606
405,20220902,0.006666666666666667,0,0,0,0,0.006666666666666667,0,0.001477,0,0,-0.4977
406,20220905,0.006666666666666667,0.006666666666666667,0,0,0,0.0,0,0.0006339999999999996,0,0,-0.2035
407,20220906,0,0,0,0,0,0,0,0,0,0,0.9178
408,20220907,0.0033333333333333335,0,0,0,0,0.0033333333333333335,0,0.001527,0,0,0.0667
409,20220908,0,0,0,0,0,0,0,0,0,0,-0.4266
410,20220909,0.01,0,0,0,0,0.01,0,0.005327999999999999,0,0,1.3895
411,20220913,0,0.01,0,0,0,-0.01,0,-0.013071,0,0,0.4233
412,20220914,0.0033333333333333335,0,0,0,0,0.0033333333333333335,0,0.0006410000000000001,0,0,-1.113
413,20220915,0,0.01,0,0,0,-0.01,0,-0.007329,0,0,-0.9406
414,20220916,0,0.0033333333333333335,0,0,0,-0.0033333333333333335,0,-0.012214000000000001,0,0,-2.345
415,20220919,0.006666666666666667,0.006666666666666667,0,0,0,0.0,0,-0.0013249999999999994,0,0,-0.1191
416,20220920,0.006666666666666667,0,0,0,0,0.006666666666666667,0.0033333333333333335,0.0022050000000000004,0.0006410000000000001,0,0.1231
417,20220921,0,0,0,0,0,0,0,0,0,0,-0.74
418,20220922,0,0,0,0,0,0,0,0,0,0,-0.881
419,20220923,0,0.0033333333333333335,0,0,0,-0.0033333333333333335,0,-0.001423,0,0,-0.3443
420,20220926,0.0033333333333333335,0,0,0,0,0.0033333333333333335,0,0.000683,0,0,-0.5017
421,20220927,0.0033333333333333335,0,0,0,0,0.0033333333333333335,0,0.001358,0,0,1.4496
422,20220928,0,0.0033333333333333335,0,0,0,-0.0033333333333333335,0,-0.005021,0,0,-1.6336
423,20220929,0,0,0,0,0,0,0,0,0,0,-0.0409
424,20220930,0,0,0,0,0,0,0,0,0,0,-0.5816
425,20221010,0,0.03333333333333333,0,0,0,-0.03333333333333333,0,-0.017467999999999997,0,0,-2.2063
426,20221011,0.0033333333333333335,0.006666666666666667,0,0,0,-0.0033333333333333335,0,-0.0018570000000000001,0,0,0.1814
427,20221012,0.013333333333333334,0,0,0,0,0.013333333333333334,0,0.006238,0,0,1.5189
428,20221013,0,0,0,0,0,0,0,0,0,0,-0.8359
429,20221014,0.04666666666666667,0.0033333333333333335,0,0,0,0.043333333333333335,0,0.04547400000000001,0,0,2.3929
430,20221017,0,0,0,0,0,0,0,0,0,0,0.1026
431,20221018,0,0,0,0,0,0,0,0,0,0,-0.2118
432,20221019,0,0,0,0,0,0,0,0,0,0,-1.6084
433,20221020,0.01,0,0,0,0,0.01,0,0.006536,0,0,-0.5721
434,20221021,0,0,0,0,0,0,0,0,0,0,-0.3205
435,20221024,0,0.0033333333333333335,0,0,0,-0.0033333333333333335,0,-0.004396,0,0,-2.9261
436,20221025,0,0.006666666666666667,0,0,0,-0.006666666666666667,0,-0.002707,0,0,-0.1629
437,20221026,0.023333333333333334,0.0033333333333333335,0,0,0,0.02,0,0.0074800000000000005,0,0,0.8118
438,20221027,0.0033333333333333335,0.013333333333333334,0,0,0,-0.01,0,-0.009339999999999998,0,0,-0.7044
439,20221028,0,0.013333333333333334,0,0,0,-0.013333333333333334,0,-0.016050000000000002,0,0,-2.4735
440,20221031,0.006666666666666667,0.016666666666666666,0,0,0,-0.009999999999999998,0,-0.007659999999999999,0,0,-0.9213
441,20221101,0.03333333333333333,0,0,0,0,0.03333333333333333,0,0.032743999999999995,0,0,3.576
442,20221102,0.01,0,0,0,0,0.01,0,0.005951,0,0,1.2006
443,20221103,0.006666666666666667,0.0033333333333333335,0,0,0,0.0033333333333333335,0,0.000663,0,0,-0.8132
444,20221104,0.01,0,0,0,0,0.01,0,0.012768999999999999,0,0,3.2698
445,20221107,0,0,0,0,0,0,0,0,0,0,0.2156
446,20221108,0,0,0,0,0,0,0,0,0,0,-0.6879
447,20221109,0.0033333333333333335,0.0033333333333333335,0,0,0,0.0,0,-0.002463,0,0,-0.935
448,20221110,0.0033333333333333335,0.0033333333333333335,0,0,0,0.0,-0.0033333333333333335,-0.0007650000000000001,-0.003202,0,-0.7695
449,20221111,0.02666666666666667,0,0,0,0,0.02666666666666667,0,0.019581,0,0,2.7878
450,20221114,0.006666666666666667,0,0,0,0,0.006666666666666667,0.006666666666666667,0.002007,0.002007,0,0.1472
451,20221115,0.023333333333333334,0,0,0,0,0.023333333333333334,0,0.015156,0,0,1.8966
452,20221116,0,0,0,0,0,0,0,0,0,0,-0.8169
453,20221117,0.006666666666666667,0,0,0,0,0.006666666666666667,0,0.002424,0,0,-0.4101
454,20221118,0.01,0,0,0,0,0.01,0,0.002588,0,0,-0.4477
455,20221121,0,0,0,0,0,0,0,0,0,0,-0.8534
456,20221122,0.006666666666666667,0.0033333333333333335,0,0,0,0.0033333333333333335,0,0.00023000000000000017,0,0,0.0118
457,20221123,0.0033333333333333335,0,0,0,0,0.0033333333333333335,0.0033333333333333335,0.001439,0.001439,0,0.1049
458,20221124,0,0,0,0,0,0,0,0,0,0,-0.4431
459,20221125,0.0033333333333333335,0,0,0,0,0.0033333333333333335,0,0.003725,0,0,0.5049
460,20221128,0,0,0,0,0,0,0,0,0,0,-1.1265
461,20221129,0.02666666666666667,0,0,0,0,0.02666666666666667,0,0.026864999999999997,0,0,3.0853
462,20221130,0.006666666666666667,0,0,0,0,0.006666666666666667,0,0.00412,0,0,0.1199
463,20221201,0.0033333333333333335,0,0,0,0,0.0033333333333333335,0,0.00045400000000000003,0,0,1.0831
464,20221202,0,0,0,0,0,0,0,0,0,0,-0.6116
465,20221205,0.016666666666666666,0.0033333333333333335,0,0,0,0.013333333333333332,0,0.007113,0,0,1.9615
466,20221206,0,0.0033333333333333335,0,0,0,-0.0033333333333333335,0,-0.003918,0,0,0.5402
467,20221207,0,0,0,0,0,0,0,0,0,0,-0.2459
468,20221208,0,0,0,0,0,0,0,0,0,0,0.0187
469,20221209,0,0,0,0,0,0,0,0,0,0,0.9867
470,20221212,0,0,0,0,0,0,0,0,0,0,-1.1205
471,20221213,0,0,0,0,0,0,0,0,0,0,-0.1963
472,20221214,0,0,0,0,0,0,0,0,0,0,0.2333
473,20221215,0,0,0,0,0,0,0,0,0,0,-0.0733
474,20221216,0,0,0,0,0,0,0,0,0,0,0.0566
475,20221219,0,0,0,0,0,0,0,0,0,0,-1.5428
476,20221220,0,0,0,0,0,0,0,0,0,0,-1.6491
477,20221221,0,0,0,0,0,0,0,0,0,0,0.0397
478,20221222,0.0033333333333333335,0.0033333333333333335,0,0,0,0.0,0,-0.0008349999999999999,0,0,0.1433
479,20221223,0,0,0,0,0,0,0,0,0,0,-0.2036
480,20221226,0.01,0,0,0,0,0.01,0,0.012310999999999999,0,0,0.3989
481,20221227,0,0,0,0,0,0,0,0,0,0,1.1543
482,20221228,0,0,0,0,0,0,0,0,0,0,-0.4267
483,20221229,0,0,0,0,0,0,0,0,0,0,-0.3762
484,20221230,0,0,0,0,0,0,0,0,0,0,0.3872
