,trade_date,涨停比率,跌停比率,地天板比率,天地板比率,天地板比率剪刀差,涨跌停比率剪刀差,连板比率剪刀差,自由流通市值加权涨跌停比率剪刀差,自由流通市值加权连板比率剪刀差,自由流通市值加权地天与天地板比率剪刀差,pct_chg,HMA_raw30,HMA_raw100,HMA30,HMA100,return,value,30/100涨跌停比率剪刀差,1.15涨跌停比率剪刀差,30/100连板比率剪刀差,1.15连板比率剪刀差,30/100自由流通市值加权涨跌停比率剪刀差,1.15自由流通市值加权涨跌停比率剪刀差,30/100自由流通市值加权连板比率剪刀差,1.15自由流通市值加权连板比率剪刀差,30/100自由流通市值加权地天与天地板比率剪刀差,1.15自由流通市值加权地天与天地板比率剪刀差,hs300
0,20220804,0.0,0.0,0,0,0,0.0,0.0,0.0,0.0,0,0.8498,0,0,0,0,1.0,1,0.0,False,0.0,False,0.0,False,0.0,False,0,False,1.0
1,20220805,0.02,0.0,0,0,0,0.02,0.0,0.0127169999999999,0.0,0,1.3501,0,0,0,0,1.0,1,0.0,False,0.0,False,0.0,False,0.0,False,0,False,1.0
2,20220808,0.0033333333333333,0.0,0,0,0,0.0033333333333333,0.0,0.003002,0.0,0,-0.2126,0,0,0,0,1.0,1,0.0,False,0.0,False,0.0,False,0.0,False,0,False,1.0
3,20220809,0.0066666666666666,0.0,0,0,0,0.0066666666666666,0.0,0.002969,0.0,0,0.1981,0,0,0,0,1.0,1,0.0,False,0.0,False,0.0,False,0.0,False,0,False,1.0
4,20220810,0.0,0.0033333333333333,0,0,0,-0.0033333333333333,0.0,-0.002789,0.0,0,-1.1201,0,0,0,0,1.0,1,0.0,False,0.0,False,0.0,False,0.0,False,0,False,1.0
5,20220811,0.0166666666666666,0.0,0,0,0,0.0166666666666666,0.0,0.016203,0.0,0,2.0392,0,0,0,0,1.0,1,0.0,False,0.0,False,0.0,False,0.0,False,0,False,1.0
6,20220812,0.0033333333333333,0.0,0,0,0,0.0033333333333333,0.0,0.00136,0.0,0,-0.057,0,0,0,0,1.0,1,0.0,False,0.0,False,0.0,False,0.0,False,0,False,1.0
7,20220815,0.0066666666666666,0.0,0,0,0,0.0066666666666666,0.0,0.008319,0.0,0,-0.1306,0,0,0,0,1.0,1,0.0,False,0.0,False,0.0,False,0.0,False,0,False,1.0
8,20220816,0.0,0.0,0,0,0,0.0,0.0,0.0,0.0,0,-0.1874,0,0,0,0,1.0,1,0.0,False,0.0,False,0.0,False,0.0,False,0,False,1.0
9,20220817,0.0033333333333333,0.0,0,0,0,0.0033333333333333,0.0,0.00016,0.0,0,0.9364,0,0,0,0,1.0,1,0.0,False,0.0,False,0.0,False,0.0,False,0,False,1.0
10,20220818,0.0033333333333333,0.0033333333333333,0,0,0,0.0,0.0,-0.0008799999999999,0.0,0,-0.8741,0,0,0,0,1.0,1,0.0,False,0.0,False,0.0,False,0.0,False,0,False,1.0
11,20220819,0.01,0.0066666666666666,0,0,0,0.0033333333333333,0.0,-0.005744,0.0,0,-0.6944,0,0,0,0,1.0,1,0.0,False,0.0,False,0.0,False,0.0,False,0,False,1.0
12,20220822,0.0066666666666666,0.0,0,0,0,0.0066666666666666,0.0,0.008478,0.0,0,0.7305,0,0,0,0,1.0,1,0.0,False,0.0,False,0.0,False,0.0,False,0,False,1.0
13,20220823,0.0,0.0033333333333333,0,0,0,-0.0033333333333333,0.0,-0.004089,0.0,0,-0.4858,0,0,0,0,1.0,1,0.0,False,0.0,False,0.0,False,0.0,False,0,False,1.0
14,20220824,0.0,0.0,0,0,0,0.0,0.0,0.0,0.0,0,-1.8904,0,0,0,0,1.0,1,0.0,False,0.0,False,0.0,False,0.0,False,0,False,1.0
15,20220825,0.0033333333333333,0.0,0,0,0,0.0033333333333333,0.0,0.001785,0.0,0,0.8284,0,0,0,0,1.0,1,0.0,False,0.0,False,0.0,False,0.0,False,0,False,1.0
16,20220826,0.0,0.0,0,0,0,0.0,0.0,0.0,0.0,0,-0.2112,0,0,0,0,1.0,1,0.0,False,0.0,False,0.0,False,0.0,False,0,False,1.0
17,20220829,0.0033333333333333,0.0,0,0,0,0.0033333333333333,0.0,0.0008309999999999,0.0,0,-0.4388,0,0,0,0,1.0,1,0.0,False,0.0,False,0.0,False,0.0,False,0,False,1.0
18,20220830,0.0,0.0,0,0,0,0.0,0.0,0.0,0.0,0,-0.3357,0,0,0,0,1.0,1,0.0,False,0.0,False,0.0,False,0.0,False,0,False,1.0
19,20220831,0.0033333333333333,0.01,0,0,0,-0.0066666666666666,0.0,-0.009802,0.0,0,0.0747,0,0,0,0,1.0,1,0.0,False,0.0,False,0.0,False,0.0,False,0,False,1.0
20,20220901,0.0,0.0,0,0,0,0.0,0.0,0.0,0.0,0,-0.8606,0,0,0,0,1.0,1,0.0,False,0.0,False,0.0,False,0.0,False,0,False,1.0
21,20220902,0.0066666666666666,0.0,0,0,0,0.0066666666666666,0.0,0.001353,0.0,0,-0.4977,0,0,0,0,1.0,1,0.0,False,0.0,False,0.0,False,0.0,False,0,False,1.0
22,20220905,0.0066666666666666,0.0066666666666666,0,0,0,0.0,0.0,0.0002479999999999,0.0,0,-0.2035,0,0,0,0,1.0,1,0.0,False,0.0,False,0.0,False,0.0,False,0,False,1.0
23,20220906,0.0,0.0,0,0,0,0.0,0.0,0.0,0.0,0,0.9178,0,0,0,0,1.0,1,0.0,False,0.0,False,0.0,False,0.0,False,0,False,1.0
24,20220907,0.0033333333333333,0.0,0,0,0,0.0033333333333333,0.0,0.0015149999999999,0.0,0,0.0667,0,0,0,0,1.0,1,0.0,False,0.0,False,0.0,False,0.0,False,0,False,1.0
25,20220908,0.0,0.0,0,0,0,0.0,0.0,0.0,0.0,0,-0.4266,0,0,0,0,1.0,1,0.0,False,0.0,False,0.0,False,0.0,False,0,False,1.0
26,20220909,0.01,0.0,0,0,0,0.01,0.0,0.006313,0.0,0,1.3895,0,0,0,0,1.0,1,0.0,False,0.0,False,0.0,False,0.0,False,0,False,1.0
27,20220913,0.0,0.01,0,0,0,-0.01,0.0,-0.013492,0.0,0,0.4233,0,0,0,0,1.0,1,0.0,False,0.0,False,0.0,False,0.0,False,0,False,1.0
28,20220914,0.0033333333333333,0.0,0,0,0,0.0033333333333333,0.0,0.000714,0.0,0,-1.113,0,0,0,0,1.0,1,0.0,False,0.0,False,0.0,False,0.0,False,0,False,1.0
29,20220915,0.0,0.01,0,0,0,-0.01,0.0,-0.008416,0.0,0,-0.9406,0,0,0,0,1.0,1,0.0,False,0.0,False,0.0,False,0.0,False,0,False,1.0
30,20220916,0.0,0.0033333333333333,0,0,0,-0.0033333333333333,0.0,-0.011757,0.0,0,-2.345,0,0,0,0,1.0,1,0.0,False,0.0,False,0.0,False,0.0,False,0,False,1.0
31,20220919,0.0066666666666666,0.0066666666666666,0,0,0,0.0,0.0,-0.001593,0.0,0,-0.1191,0,0,0,0,1.0,1,0.0,False,0.0,False,0.0,False,0.0,False,0,False,1.0
32,20220920,0.0066666666666666,0.0,0,0,0,0.0066666666666666,0.0033333333333333,0.0022779999999999,0.000727,0,0.1231,0,0,0,0,1.0,1,0.0,False,0.0,False,0.0,False,0.0,False,0,False,1.0
33,20220921,0.0,0.0,0,0,0,0.0,0.0,0.0,0.0,0,-0.74,0,0,0,0,1.0,1,0.0,False,0.0,False,0.0,False,0.0,False,0,False,1.0
34,20220922,0.0,0.0,0,0,0,0.0,0.0,0.0,0.0,0,-0.881,0,0,0,0,1.0,1,0.0,False,0.0,False,0.0,False,0.0,False,0,False,1.0
35,20220923,0.0,0.0033333333333333,0,0,0,-0.0033333333333333,0.0,-0.001382,0.0,0,-0.3443,0,0,0,0,1.0,1,0.0,False,0.0,False,0.0,False,0.0,False,0,False,1.0
36,20220926,0.0033333333333333,0.0,0,0,0,0.0033333333333333,0.0,0.000519,0.0,0,-0.5017,0,0,0,0,1.0,1,0.0,False,0.0,False,0.0,False,0.0,False,0,False,1.0
37,20220927,0.0033333333333333,0.0,0,0,0,0.0033333333333333,0.0,0.001705,0.0,0,1.4496,0,0,0,0,1.0,1,0.0,False,0.0,False,0.0,False,0.0,False,0,False,1.0
38,20220928,0.0,0.0033333333333333,0,0,0,-0.0033333333333333,0.0,-0.0059619999999999,0.0,0,-1.6336,0,0,0,0,1.0,1,0.0,False,0.0,False,0.0,False,0.0,False,0,False,1.0
39,20220929,0.0,0.0,0,0,0,0.0,0.0,0.0,0.0,0,-0.0409,0,0,0,0,1.0,1,0.0,False,0.0,False,0.0,False,0.0,False,0,False,1.0
40,20220930,0.0,0.0,0,0,0,0.0,0.0,0.0,0.0,0,-0.5816,0,0,0,0,1.0,1,0.0,False,0.0,False,0.0,False,0.0,False,0,False,1.0
41,20221010,0.0,0.0333333333333333,0,0,0,-0.0333333333333333,0.0,-0.019723,0.0,0,-2.2063,0,0,0,0,1.0,1,0.0,False,0.0,False,0.0,False,0.0,False,0,False,1.0
42,20221011,0.0033333333333333,0.0066666666666666,0,0,0,-0.0033333333333333,-0.0033333333333333,-0.0010019999999999,-0.003449,0,0.1814,0,0,0,0,1.0,1,0.0,False,0.0,False,0.0,False,0.0,False,0,False,1.0
43,20221012,0.0133333333333333,0.0,0,0,0,0.0133333333333333,0.0,0.006136,0.0,0,1.5189,0,0,0,0,1.0,1,0.0,False,0.0,False,0.0,False,0.0,False,0,False,1.0
44,20221013,0.0,0.0,0,0,0,0.0,0.0,0.0,0.0,0,-0.8359,0,0,0,0,1.0,1,0.0,False,0.0,False,0.0,False,0.0,False,0,False,1.0
45,20221014,0.0466666666666666,0.0033333333333333,0,0,0,0.0433333333333333,0.0,0.046629,0.0,0,2.3929,0,0,0,0,1.0,1,0.0,False,0.0,False,0.0,False,0.0,False,0,False,1.0
46,20221017,0.0,0.0,0,0,0,0.0,0.0,0.0,0.0,0,0.1026,0,0,0,0,1.0,1,0.0,False,0.0,False,0.0,False,0.0,False,0,False,1.0
47,20221018,0.0,0.0,0,0,0,0.0,0.0,0.0,0.0,0,-0.2118,0,0,0,0,1.0,1,0.0,False,0.0,False,0.0,False,0.0,False,0,False,1.0
48,20221019,0.0,0.0,0,0,0,0.0,0.0,0.0,0.0,0,-1.6084,0,0,0,0,1.0,1,0.0,False,0.0,False,0.0,False,0.0,False,0,False,1.0
49,20221020,0.01,0.0,0,0,0,0.01,0.0,0.006801,0.0,0,-0.5721,0,0,0,0,1.0,1,0.0,False,0.0,False,0.0,False,0.0,False,0,False,1.0
50,20221021,0.0,0.0,0,0,0,0.0,0.0,0.0,0.0,0,-0.3205,0,0,0,0,1.0,1,0.0,False,0.0,False,0.0,False,0.0,False,0,False,1.0
51,20221024,0.0,0.0033333333333333,0,0,0,-0.0033333333333333,0.0,-0.0045179999999999,0.0,0,-2.9261,0,0,0,0,1.0,1,0.0,False,0.0,False,0.0,False,0.0,False,0,False,1.0
52,20221025,0.0,0.0066666666666666,0,0,0,-0.0066666666666666,0.0,-0.003028,0.0,0,-0.1629,0,0,0,0,1.0,1,0.0,False,0.0,False,0.0,False,0.0,False,0,False,1.0
53,20221026,0.0233333333333333,0.0033333333333333,0,0,0,0.02,0.0,0.0079709999999999,0.0,0,0.8118,0,0,0,0,1.0,1,0.0,False,0.0,False,0.0,False,0.0,False,0,False,1.0
54,20221027,0.0033333333333333,0.0133333333333333,0,0,0,-0.01,0.0,-0.009813,0.0,0,-0.7044,0,0,0,0,1.0,1,0.0,False,0.0,False,0.0,False,0.0,False,0,False,1.0
55,20221028,0.0,0.0133333333333333,0,0,0,-0.0133333333333333,0.0,-0.0161019999999999,0.0,0,-2.4735,0,0,0,0,1.0,1,0.0,False,0.0,False,0.0,False,0.0,False,0,False,1.0
56,20221031,0.0066666666666666,0.0166666666666666,0,0,0,-0.0099999999999999,-0.0033333333333333,-0.0079329999999999,-0.001091,0,-0.9213,0,0,0,0,1.0,1,0.0,False,0.0,False,0.0,False,0.0,False,0,False,1.0
57,20221101,0.0333333333333333,0.0,0,0,0,0.0333333333333333,0.0,0.0327439999999999,0.0,0,3.576,0,0,0,0,1.0,1,0.0,False,0.0,False,0.0,False,0.0,False,0,False,1.0
58,20221102,0.01,0.0,0,0,0,0.01,0.0,0.005951,0.0,0,1.2006,0,0,0,0,1.0,1,0.0,False,0.0,False,0.0,False,0.0,False,0,False,1.0
59,20221103,0.0066666666666666,0.0033333333333333,0,0,0,0.0033333333333333,0.0,0.000663,0.0,0,-0.8132,0,0,0,0,1.0,1,0.0,False,0.0,False,0.0,False,0.0,False,0,False,1.0
60,20221104,0.01,0.0,0,0,0,0.01,0.0,0.0127689999999999,0.0,0,3.2698,0,0,0,0,1.0,1,0.0,False,0.0,False,0.0,False,0.0,False,0,False,1.0
61,20221107,0.0,0.0,0,0,0,0.0,0.0,0.0,0.0,0,0.2156,0,0,0,0,1.0,1,0.0,False,0.0,False,0.0,False,0.0,False,0,False,1.0
62,20221108,0.0,0.0,0,0,0,0.0,0.0,0.0,0.0,0,-0.6879,0,0,0,0,1.0,1,0.0,False,0.0,False,0.0,False,0.0,False,0,False,1.0
63,20221109,0.0033333333333333,0.0033333333333333,0,0,0,0.0,0.0,-0.002463,0.0,0,-0.935,0,0,0,0,1.0,1,0.0,False,0.0,False,0.0,False,0.0,False,0,False,1.0
64,20221110,0.0033333333333333,0.0033333333333333,0,0,0,0.0,-0.0033333333333333,-0.000765,-0.003202,0,-0.7695,0,0,0,0,1.0,1,0.0,False,0.0,False,0.0,False,0.0,False,0,False,1.0
65,20221111,0.0266666666666666,0.0,0,0,0,0.0266666666666666,0.0,0.019581,0.0,0,2.7878,0,0,0,0,1.0,1,0.0,False,0.0,False,0.0,False,0.0,False,0,False,1.0
66,20221114,0.0066666666666666,0.0,0,0,0,0.0066666666666666,0.0066666666666666,0.002007,0.002007,0,0.1472,0,0,0,0,1.0,1,0.0,False,0.0,False,0.0,False,0.0,False,0,False,1.0
67,20221115,0.0233333333333333,0.0,0,0,0,0.0233333333333333,0.0,0.015156,0.0,0,1.8966,0,0,0,0,1.0,1,0.0,False,0.0,False,0.0,False,0.0,False,0,False,1.0
68,20221116,0.0,0.0,0,0,0,0.0,0.0,0.0,0.0,0,-0.8169,0,0,0,0,1.0,1,0.0,False,0.0,False,0.0,False,0.0,False,0,False,1.0
69,20221117,0.0066666666666666,0.0,0,0,0,0.0066666666666666,0.0,0.002424,0.0,0,-0.4101,0,0,0,0,1.0,1,0.0,False,0.0,False,0.0,False,0.0,False,0,False,1.0
70,20221118,0.01,0.0,0,0,0,0.01,0.0,0.002588,0.0,0,-0.4477,0,0,0,0,1.0,1,0.0,False,0.0,False,0.0,False,0.0,False,0,False,1.0
71,20221121,0.0,0.0,0,0,0,0.0,0.0,0.0,0.0,0,-0.8534,0,0,0,0,1.0,1,0.0,False,0.0,False,0.0,False,0.0,False,0,False,1.0
72,20221122,0.0066666666666666,0.0033333333333333,0,0,0,0.0033333333333333,0.0,0.00023,0.0,0,0.0118,0,0,0,0,1.0,1,0.0,False,0.0,False,0.0,False,0.0,False,0,False,1.0
73,20221123,0.0033333333333333,0.0,0,0,0,0.0033333333333333,0.0033333333333333,0.001439,0.001439,0,0.1049,0,0,0,0,1.0,1,0.0,False,0.0,False,0.0,False,0.0,False,0,False,1.0
74,20221124,0.0,0.0,0,0,0,0.0,0.0,0.0,0.0,0,-0.4431,0,0,0,0,1.0,1,0.0,False,0.0,False,0.0,False,0.0,False,0,False,1.0
75,20221125,0.0033333333333333,0.0,0,0,0,0.0033333333333333,0.0,0.003725,0.0,0,0.5049,0,0,0,0,1.0,1,0.0,False,0.0,False,0.0,False,0.0,False,0,False,1.0
76,20221128,0.0,0.0,0,0,0,0.0,0.0,0.0,0.0,0,-1.1265,0,0,0,0,1.0,1,0.0,False,0.0,False,0.0,False,0.0,False,0,False,1.0
77,20221129,0.0266666666666666,0.0,0,0,0,0.0266666666666666,0.0,0.0268649999999999,0.0,0,3.0853,0,0,0,0,1.0,1,0.0,False,0.0,False,0.0,False,0.0,False,0,False,1.0
78,20221130,0.0066666666666666,0.0,0,0,0,0.0066666666666666,0.0,0.00412,0.0,0,0.1199,0,0,0,0,1.0,1,0.0,False,0.0,False,0.0,False,0.0,False,0,False,1.0
79,20221201,0.0033333333333333,0.0,0,0,0,0.0033333333333333,0.0033333333333333,0.00042,0.00042,0,1.0831,0,0,0,0,1.0,1,0.0,False,0.0,False,0.0,False,0.0,False,0,False,1.0
80,20221202,0.0,0.0,0,0,0,0.0,0.0,0.0,0.0,0,-0.6116,0,0,0,0,1.0,1,0.0,False,0.0,False,0.0,False,0.0,False,0,False,1.0
81,20221205,0.0166666666666666,0.0033333333333333,0,0,0,0.0133333333333333,0.0,0.00705,0.0,0,1.9615,0,0,0,0,1.0,1,0.0,False,0.0,False,0.0,False,0.0,False,0,False,1.0
82,20221206,0.0,0.0033333333333333,0,0,0,-0.0033333333333333,0.0,-0.00387,0.0,0,0.5402,0,0,0,0,1.0,1,0.0,False,0.0,False,0.0,False,0.0,False,0,False,1.0
83,20221207,0.0,0.0,0,0,0,0.0,0.0,0.0,0.0,0,-0.2459,0,0,0,0,1.0,1,0.0,False,0.0,False,0.0,False,0.0,False,0,False,1.0
84,20221208,0.0,0.0,0,0,0,0.0,0.0,0.0,0.0,0,0.0187,0,0,0,0,1.0,1,0.0,False,0.0,False,0.0,False,0.0,False,0,False,1.0
85,20221209,0.0,0.0,0,0,0,0.0,0.0,0.0,0.0,0,0.9867,0,0,0,0,1.0,1,0.0,False,0.0,False,0.0,False,0.0,False,0,False,1.0
86,20221212,0.0,0.0,0,0,0,0.0,0.0,0.0,0.0,0,-1.1205,0,0,0,0,1.0,1,0.0,False,0.0,False,0.0,False,0.0,False,0,False,1.0
87,20221213,0.0,0.0,0,0,0,0.0,0.0,0.0,0.0,0,-0.1963,0,0,0,0,1.0,1,0.0,False,0.0,False,0.0,False,0.0,False,0,False,1.0
88,20221214,0.0,0.0,0,0,0,0.0,0.0,0.0,0.0,0,0.2333,0,0,0,0,1.0,1,0.0,False,0.0,False,0.0,False,0.0,False,0,False,1.0
89,20221215,0.0,0.0,0,0,0,0.0,0.0,0.0,0.0,0,-0.0733,0,0,0,0,1.0,1,0.0,False,0.0,False,0.0,False,0.0,False,0,False,1.0
90,20221216,0.0,0.0,0,0,0,0.0,0.0,0.0,0.0,0,0.0566,0,0,0,0,1.0,1,0.0,False,0.0,False,0.0,False,0.0,False,0,False,1.0
91,20221219,0.0,0.0,0,0,0,0.0,0.0,0.0,0.0,0,-1.5428,0,0,0,0,1.0,1,0.0,False,0.0,False,0.0,False,0.0,False,0,False,1.0
92,20221220,0.0,0.0,0,0,0,0.0,0.0,0.0,0.0,0,-1.6491,0,0,0,0,1.0,1,0.0,False,0.0,False,0.0,False,0.0,False,0,False,1.0
93,20221221,0.0,0.0,0,0,0,0.0,0.0,0.0,0.0,0,0.0397,0,0,0,0,1.0,1,0.0,False,0.0,False,0.0,False,0.0,False,0,False,1.0
94,20221222,0.0033333333333333,0.0033333333333333,0,0,0,0.0,0.0,-0.0008,0.0,0,0.1433,0,0,0,0,1.0,1,0.0,False,0.0,False,0.0,False,0.0,False,0,False,1.0
95,20221223,0.0,0.0,0,0,0,0.0,0.0,0.0,0.0,0,-0.2036,0,0,0,0,1.0,1,0.0,False,0.0,False,0.0,False,0.0,False,0,False,1.0
96,20221226,0.01,0.0,0,0,0,0.01,0.0,0.01226,0.0,0,0.3989,0,0,0,0,1.0,1,0.0,False,0.0,False,0.0,False,0.0,False,0,False,1.0
97,20221227,0.0,0.0,0,0,0,0.0,0.0,0.0,0.0,0,1.1543,0,0,0,0,1.0,1,0.0,False,0.0,False,0.0,False,0.0,False,0,False,1.0
98,20221228,0.0,0.0,0,0,0,0.0,0.0,0.0,0.0,0,-0.4267,0,0,0,0,1.0,1,0.0,False,0.0,False,0.0,False,0.0,False,0,False,1.0
99,20221229,0.0,0.0,0,0,0,0.0,0.0,0.0,0.0,0,-0.3762,0,0,0,0,1.0,1,,False,,False,,False,,False,0,False,1.0
100,20221230,0.0,0.0,0,0,0,0.0,0.0,0.0,0.0,0,0.3872,0,0,0,0,1.0,1,0.06591981257580987,False,-0.451939337965572,False,0.34718055316094265,False,-0.42870679123001026,False,0,False,1.003872
101,20230103,0.0066666666666666,0.0,0,0,0,0.0066666666666666,0.0,0.00609,0.0,0,0.4201,0,0,0,0,1.0,1,0.11422668000459692,False,-0.40688888903943915,False,0.4020067227475111,False,-0.3583234490189129,False,0,False,1.008089266272
102,20230104,0.0066666666666666,0.0033333333333333,0,0,0,0.0033333333333333,0.0,-0.0058499999999999,0.0,0,0.1299,0,0,0,0,1.0,1,0.2480515949691595,False,-0.3632714156868951,False,0.5349255803159821,False,-0.2943427001535937,False,0,False,1.0093987742288872
103,20230105,0.0166666666666666,0.0,0,0,0,0.0166666666666666,0.0033333333333333,0.01144,0.0015,0,1.9428,0,0,0,0,1.0,1,0.41317598265509115,False,-0.3169210549362217,False,0.4863550335889831,False,-0.23119311001043794,False,0,False,1.029009373614606
104,20230106,0.01,0.0,0,0,0,0.01,0.0,0.00407,0.0,0,0.3102,0,0,0,0,1.0,1,0.8289043868061768,False,0.5371924285104605,False,0.7202048548762029,False,1.0265644929724538,False,0,False,1.0322013606915583
105,20230109,0.0066666666666666,0.0,0,0,0,0.0066666666666666,0.0,0.00864,0.0,0,0.8096,0,0,0,0,1.0,1,1.2538949049347006,True,1.0496780791357767,False,0.9688921773320731,False,1.6164562181690265,True,0,False,1.0405580629077174
106,20230110,0.0,0.0,0,0,0,0.0,0.0,0.0,0.0,0,0.1085,0,0,0,0,1.001085,1,1.587006533126387,True,1.3285194742378694,True,1.2998679640730255,True,1.8527945763280211,True,0,False,1.0416870684059722
107,20230111,0.0,0.0,0,0,0,0.0,0.0,0.0,0.0,0,-0.1853,0,0,0,0,0.999229989495,1,1.7400788768851543,True,1.4351086331270897,True,1.4829372579285371,True,1.8718625369824167,True,0,False,1.039756822268216
108,20230112,0.0,0.0,0,0,0,0.0,0.0,0.0,0.0,0,0.1955,0,0,0,0,1.0011834841244627,1,1.7647363262161617,True,1.4095945174202498,True,1.5687172437217478,True,1.7451844740264173,True,0,False,1.0417895468557503
109,20230113,0.0066666666666666,0.0,0,0,0,0.0066666666666666,0.0,0.00159,0.0,0,1.4064,0,0,0,0,1.0152641286451891,1,1.6755277741173071,True,1.2712087710442792,True,1.5226055380283954,True,1.5053757533989236,True,0,False,1.0564412750427297
110,20230116,0.0066666666666666,0.0,0,0,0,0.0066666666666666,0.0,0.01138,0.0,0,1.5607,0,0,0,0,1.0311093559009545,1,1.619612315844614,True,1.15191210394776,True,1.4385754119702245,True,1.3060398840318677,True,0,False,1.0729291540223214
111,20230117,0.0033333333333333,0.0,0,0,0,0.0033333333333333,0.0,0.0005099999999999,0.0,0,-0.0175,0,0,0,0,1.0309289117636717,1,1.6098055130990727,True,1.0387897082046214,False,1.5255651298705024,True,1.1319340046006534,False,0,False,1.0727413914203674
112,20230118,0.0033333333333333,0.0,0,0,0,0.0033333333333333,0.0,0.00155,0.0,0,-0.1675,0,0,0,0,1.0309289117636717,1,1.6022335842226492,True,0.9282852962508618,False,1.5465342463741567,True,0.9743868013518021,False,0,False,1.0709445495897383
113,20230119,0.0,0.0,0,0,0,0.0,0.0,0.0,0.0,0,0.6221,0,0,0,0,1.0309289117636717,1,1.5972334134882746,True,0.8169627330310907,False,1.5494088622582458,True,0.8267339431957375,False,0,False,1.077606895632736
114,20230120,0.0033333333333333,0.0,0,0,0,0.0033333333333333,0.0,0.00131,0.0,0,0.614,0,0,0,0,1.0309289117636717,1,1.5380900552543102,True,0.7010027825616435,False,1.5019037740348486,True,0.6832914094804995,False,0,False,1.084223401971921
115,20230130,0.01,0.0,0,0,0,0.01,0.0,0.00526,0.0,0,0.4739,0,0,0,0,1.0309289117636717,1,1.460214151506127,True,0.5678050511797172,False,1.419405993696556,True,0.5318116872400189,False,0,False,1.089361536673866
116,20230131,0.0033333333333333,0.0,0,0,0,0.0033333333333333,0.0,0.00099,0.0,0,-1.0589,0,0,0,0,1.0309289117636717,1,1.466555613952144,True,0.41637742945719114,False,1.3796216383235105,True,0.3744021028030825,False,0,False,1.0778262873620266
117,20230201,0.0033333333333333,0.0,0,0,0,0.0033333333333333,0.0,0.000419,0.0,0,0.94,0,0,0,0,1.0309289117636717,1,1.4389792182738605,True,0.23938434913313128,False,1.3136585944505137,True,0.20621805422515718,False,0,False,1.0879578544632298
118,20230202,0.0,0.0,0,0,0,0.0,0.0,0.0,0.0,0,-0.3523,0,0,0,0,1.0309289117636717,1,1.3882575316941694,True,0.026227329405851558,False,1.2162797822023383,True,0.021658259576247077,False,0,False,1.0841249789419558
119,20230203,0.0033333333333333,0.0,0,0,0,0.0033333333333333,0.0,0.002447,0.0,0,-0.9451,0,0,0,0,1.0309289117636717,1,1.2685132914958308,True,-0.23070033947285618,False,1.0629730937409443,False,-0.18264893410977745,False,0,False,1.0738789137659754
120,20230206,0.0,0.0,0,0,0,0.0,0.0,0.0,0.0,0,-1.322,0,0,0,0,1.0309289117636717,1,1.158731591976584,True,-0.43166850805644186,False,0.9422822715725768,False,-0.32750182569444003,False,0,False,1.0596822345259893
121,20230207,0.01,0.0,0,0,0,0.01,0.0,0.004942,0.0,0,0.18,0,0,0,0,1.0309289117636717,1,1.0129343464016596,False,-0.5781897902952118,False,0.7893842468360915,False,-0.4198192220648079,False,0,False,1.061589662548136
122,20230208,0.0033333333333333,0.0,0,0,0,0.0033333333333333,0.0033333333333333,0.001016,0.001016,0,-0.4419,0,0,0,0,1.0309289117636717,1,1.0379872456426784,False,-0.6750817868520324,False,0.7869491825817841,False,-0.46796659101542504,False,0,False,1.0568984978293359
123,20230209,0.01,0.0,0,0,0,0.01,0.0033333333333333,0.002627,0.001016,0,1.3423,0,0,0,0,1.0309289117636717,1,1.0754336171358698,False,0.7528940436185169,False,0.7888672009770316,False,0.24690251398164206,False,0,False,1.071085246365699
124,20230210,0.0,0.0,0,0,0,0.0,0.0,0.0,0.0,0,-0.5942,0,0,0,0,1.0309289117636717,1,1.21632537832785,True,2.3035786868827417,True,0.8279307559723376,False,1.2473147944411744,True,0,False,1.064720857831794
125,20230213,0.0066666666666666,0.0,0,0,0,0.0066666666666666,0.0,0.006292,0.0,0,0.9075,0,0,0,0,1.040284591637927,1,1.246698651809858,True,2.8873240486421046,True,0.7971673752561149,False,1.7639348263474766,True,0,False,1.0743831996166173
126,20230214,0.0,0.0,0,0,0,0.0,0.0,0.0,0.0,0,0.0414,0,0,0,0,1.040715269458865,1,1.2964205939892204,True,3.0167337400059835,True,0.8958733944314431,False,1.9741501062835112,True,0,False,1.0748279942612584
127,20230215,0.01,0.0,0,0,0,0.01,0.0,0.003345,0.0,0,-0.5211,0,0,0,0,1.035292102189715,1,1.2471728654417071,True,2.8808914190899295,True,0.9184854988991458,False,1.9702822023544564,True,0,False,1.069227065583163
128,20230216,0.0,0.0,0,0,0,0.0,0.0,0.0,0.0,0,-0.7324,0,0,0,0,1.0277096228332776,1,1.287969792176038,True,2.560300349728962,True,0.9898019089750407,False,1.8022243027664975,True,0,False,1.061396046554832
129,20230217,0.0,0.0,0,0,0,0.0,0.0,0.0,0.0,0,-1.4408,0,0,0,0,1.0129023825874957,1,1.2444709572317498,True,2.202382209018278,True,0.9915617743492987,False,1.5801046533741796,True,0,False,1.04610345231607
130,20230220,0.01,0.0,0,0,0,0.01,0.0,0.0066029999999999,0.0,0,2.4534,0,0,0,0,1.0377529296418972,1,1.1551010797537806,True,1.9111271970000685,True,0.9383839760669358,False,1.3887338754935805,True,0,False,1.0717685544151925
131,20230221,0.0,0.0,0,0,0,0.0,0.0,0.0,0.0,0,0.2628,0,0,0,0,1.0404801443409963,1,1.162561047886873,True,1.6600875598591815,True,1.0179512619956532,False,1.217689299221676,True,0,False,1.0745851621761957
132,20230222,0.0,0.0,0,0,0,0.0,0.0,0.0,0.0,0,-0.9025,0,0,0,0,1.0310898110383189,1,1.1207908251116458,False,1.4356915549518505,True,1.0403192919497937,False,1.0600036867814118,False,0,False,1.0648870310875556
133,20230223,0.0,0.0,0,0,0,0.0,0.0,0.0,0.0,0,-0.0805,0,0,0,0,1.0310898110383189,1,1.0284524190929674,False,1.2269180089520313,True,1.0048609420114896,False,0.9095452535781301,False,0,False,1.06402979702753
134,20230224,0.0,0.0,0,0,0,0.0,0.0,0.0,0.0,0,-1.0381,0,0,0,0,1.0310898110383189,1,0.9208439346191774,False,1.0129165080376916,False,0.9372460922681607,False,0.7542335906688,False,0,False,1.0529841037045873
135,20230227,0.0,0.0,0,0,0,0.0,0.0,0.0,0.0,0,-0.4236,0,0,0,0,1.0310898110383189,1,0.7852390942610217,False,0.7710296776699215,False,0.8273363107617244,False,0.576677919747468,False,0,False,1.0485236630412946
136,20230228,0.0,0.0,0,0,0,0.0,0.0,0.0,0.0,0,0.6334,0,0,0,0,1.0310898110383189,1,0.6179197650674622,False,0.5002199046261641,False,0.6757308796610453,False,0.37578579317650773,False,0,False,1.0551650119229983
137,20230301,0.01,0.0,0,0,0,0.01,0.0,0.008728,0.0,0,1.4125,0,0,0,0,1.0310898110383189,1,0.44559275258415565,False,0.19918810103693782,False,0.5174754772720138,False,0.15024166281895132,False,0,False,1.0700692177164106
138,20230302,0.0033333333333333,0.0,0,0,0,0.0033333333333333,0.0,0.000264,0.0,0,-0.223,0,0,0,0,1.0310898110383189,1,0.4621635218864022,False,-0.13376187189013017,False,0.668498956081998,False,-0.10156496095783307,False,0,False,1.067682963360903
139,20230303,0.0033333333333333,0.0033333333333333,0,0,0,0.0,0.0,0.000657,0.0,0,0.3112,0,0,0,0,1.0310898110383189,1,0.5069752189190344,False,-0.4318895046483711,False,0.7592513408044183,False,-0.3290545056052326,False,0,False,1.071005592742882
140,20230306,0.0066666666666666,0.0033333333333333,0,0,0,0.0033333333333333,-0.0033333333333333,0.004499,-0.001225,0,-0.5215,0,0,0,0,1.0310898110383189,1,0.5206878484955092,False,-0.6297510817382697,False,0.8130901929542481,False,-0.4817021336054146,False,0,False,1.065420298576728
141,20230307,0.0,0.0,0,0,0,0.0,0.0,0.0,0.0,0,-1.4641,0,0,0,0,1.0310898110383189,1,0.5559657222752442,False,-1.8659219570110488,False,0.9426342478192106,False,-1.5710134269695077,False,0,False,1.049821479985266
142,20230308,0.0,0.0,0,0,0,0.0,0.0,0.0,0.0,0,-0.3642,0,0,0,0,1.0310898110383189,1,0.5408991123513915,False,-3.290392009790559,False,0.9773458297409346,False,-2.806579874988111,False,0,False,1.0459980301551597
143,20230309,0.0066666666666666,0.0,0,0,0,0.0066666666666666,0.0,0.002571,0.0,0,-0.3534,0,0,0,0,1.0310898110383189,1,0.4664752531368397,False,-5.044181332360948,False,0.9180280702035202,False,-4.289058678199182,False,0,False,1.0423014731165914
144,20230310,0.0,0.0033333333333333,0,0,0,-0.0033333333333333,0.0,-0.001974,0.0,0,-1.3114,0,0,0,0,1.0310898110383189,1,0.5133734679489252,False,-7.438506272343386,False,0.9191564525413138,False,-6.217244647632084,False,0,False,1.0286327315981405
145,20230313,0.0133333333333333,0.0,0,0,0,0.0133333333333333,0.0,0.0087099999999999,0.0,0,1.0474,0,0,0,0,1.0310898110383189,1,0.465341584532946,False,-11.280465795080216,False,0.812865962347678,False,-9.05672948389124,False,0,False,1.0394066308288996
146,20230314,0.0033333333333333,0.0,0,0,0,0.0033333333333333,0.0,0.004208,0.0,0,-0.5985,0,0,0,0,1.0310898110383189,1,0.6557301411959328,False,-19.771483778582205,False,0.9573433724074764,False,-14.313683625982982,False,0,False,1.0331857821433885
147,20230315,0.0,0.0033333333333333,0,0,0,-0.0033333333333333,0.0,-0.001078,0.0,0,0.0554,0,0,0,0,1.0310898110383189,1,0.8422053654790231,False,-90.30082517998468,False,1.168293738255363,True,-35.83769397879316,False,0,False,1.033758167066696
148,20230316,0.0,0.0066666666666666,0,0,0,-0.0066666666666666,0.0,-0.004618,0.0,0,-1.1977,0,0,0,0,1.0310898110383189,1,0.8895028267892231,False,32.586485201997164,False,1.2527653828576186,True,61.21071970407122,False,0,False,1.021376845499738
149,20230317,0.0166666666666666,0.0033333333333333,0,0,0,0.0133333333333333,0.0,0.004862,0.0,0,0.4993,0,0,0,0,1.0310898110383189,1,0.7457782549891873,False,13.14444495298258,False,1.1207729431341487,False,15.550039065967669,False,0,False,1.0264765800893183
150,20230320,0.0,0.01,0,0,0,-0.01,0.0,-0.011366,0.0,0,-0.4987,0,0,0,0,1.0310898110383189,1,0.8514120225956656,False,7.839856962480878,False,1.1050929325278804,False,8.43113549027754,False,0,False,1.021357541384413
151,20230321,0.0,0.0,0,0,0,0.0,0.0,0.0,0.0,0,1.0993,0,0,0,0,1.0310898110383189,1,0.6619569555000827,False,5.2631823622112,False,0.6118383847791871,False,5.423187305104153,False,0,False,1.0325853248368517
152,20230322,0.0066666666666666,0.0,0,0,0,0.0066666666666666,0.0,0.002889,0.0,0,0.4285,0,0,0,0,1.0310898110383189,1,0.4743680445793845,False,3.409485797118715,False,0.10579803262531394,False,3.4145907197068617,False,0,False,1.0370099529537777
153,20230323,0.0333333333333333,0.0,0,0,0,0.0333333333333333,0.0,0.021738,0.0,0,0.9913,0,0,0,0,1.0310898110383189,1,0.4669056473073451,False,2.0104379062755964,False,-0.2233808351866013,False,1.97412839742899,False,0,False,1.0472898326174085
154,20230324,0.0033333333333333,0.0,0,0,0,0.0033333333333333,0.0,0.001016,0.0,0,-0.2982,0,0,0,0,1.0310898110383189,1,1.1977884313029303,True,0.9497787352975429,False,0.6342391465583604,False,0.9166833711952129,False,0,False,1.0441668143365432
155,20230327,0.01,0.0033333333333333,0,0,0,0.0066666666666666,0.0,0.004326,0.0,0,-0.3618,0,0,0,0,1.0310898110383189,1,1.6556884658233957,True,0.153585780610122,False,1.2237759257250957,True,0.13778776657404754,False,0,False,1.0403890188022735
156,20230328,0.0033333333333333,0.0,0,0,0,0.0033333333333333,0.0,0.002001,0.0,0,-0.3231,0,0,0,0,1.0310898110383189,1,2.0011714450282074,True,-0.48027710525610395,False,1.7486239433422204,True,-0.4775585237199218,False,0,False,1.0370275218825233
157,20230329,0.01,0.0,0,0,0,0.01,0.0033333333333333,0.007769,0.002001,0,0.1658,0,0,0,0,1.0310898110383189,1,2.1436073456642686,True,-0.8059898007540428,False,2.0180734559404816,True,-0.7912554201561526,False,0,False,1.0387469135138045
158,20230330,0.0,0.0,0,0,0,0.0,0.0,0.0,0.0,0,0.8083,0,0,0,0,1.0310898110383189,1,2.1914032160119152,True,-5.003751340802642,False,2.1959972254067224,True,-11.076293604647272,False,0,False,1.0471431048157367
159,20230331,0.0133333333333333,0.0033333333333333,0,0,0,0.01,0.0,0.00887,0.0,0,0.307,0,0,0,0,1.0310898110383189,1,2.049979826940183,True,-14.227177987285597,False,2.105090660907416,True,78.31779448669978,True,0,False,1.0503578341475208
160,20230403,0.03,0.0,0,0,0,0.03,0.0033333333333333,0.02817,0.00225,0,0.9786,0,0,0,0,1.04118005592914,1,1.9851028787460645,True,-69.26254271213008,False,2.133266146274317,True,16.7457976570274,True,0,False,1.0606366359124886
161,20230404,0.01,0.0,0,0,0,0.01,0.0033333333333333,0.00684,0.0011,0,0.3065,0,0,0,0,1.044371272800563,1,2.1397678530870206,True,16.381544889995755,True,2.4875139630502723,True,8.516210190411984,True,0,False,1.0638874872015605
162,20230406,0.0,0.0,0,0,0,0.0,0.0,0.0,0.0,0,-0.1576,0,0,0,0,1.0427253436746293,1,2.233515989724634,True,8.619561184385303,True,2.648695126440474,True,6.4393134072811975,True,0,False,1.0622108005217308
163,20230407,0.0066666666666666,0.0,0,0,0,0.0066666666666666,0.0,0.00692,0.0,0,0.6503,0,0,0,0,1.0495061865845454,1,2.200408835154373,True,6.536546808974955,True,2.6205079245442993,True,5.300075584077997,True,0,False,1.0691183573575236
164,20230410,0.0033333333333333,0.02,0,0,0,-0.0166666666666666,0.0,-0.01776,0.0,0,-0.4479,0,0,0,0,1.0448054483748332,1,2.133459245672439,True,5.392212797319139,True,2.5548256873390627,True,4.514948792480706,True,0,False,1.0643297762349193
165,20230411,0.0033333333333333,0.0,0,0,0,0.0033333333333333,0.0,0.00211,0.0,0,-0.1136,0,0,0,0,1.0436185493854795,1,1.8312534565540026,True,4.53005154617154,True,2.176293598311352,True,3.847327551702774,True,0,False,1.0631206976091163
166,20230412,0.0,0.0,0,0,0,0.0,0.0,0.0,0.0,0,-0.0698,0,0,0,0,1.0428901036380085,1,1.5195884671468955,True,3.7572111766117846,True,1.7864098317542043,True,3.205087751409048,True,0,False,1.0623786393621852
167,20230413,0.0,0.0033333333333333,0,0,0,-0.0033333333333333,0.0,-0.00184,0.0,0,-0.6909,0,0,0,0,1.0356847759119734,1,1.2110908128444193,True,3.10261310349607,True,1.4189207684894753,True,2.669341441955909,True,0,False,1.0550386653428319
168,20230414,0.01,0.0,0,0,0,0.01,0.0,0.00775,0.0,0,0.5657,0,0,0,0,1.0415436446893074,1,0.8858317893554986,False,2.603313794044126,True,1.0579614953634269,False,2.245732409087629,True,0,False,1.0610070190726764
169,20230417,0.0033333333333333,0.0,0,0,0,0.0033333333333333,0.0,0.00096,0.0,0,1.4024,0,0,0,0,1.0561502527624302,1,0.6877199991381281,False,2.1764276139644547,True,0.8449194641170518,False,1.8720077440240814,True,0,False,1.0758865815081515
170,20230418,0.0033333333333333,0.0033333333333333,0,0,0,0.0,0.0,-0.0003199999999999,0.0,0,0.3048,0,0,0,0,1.05936939873285,1,0.5763852049681981,False,1.7922913539954073,True,0.7119644208169046,False,1.527219698176636,True,0,False,1.0791658838085882
171,20230419,0.0,0.0033333333333333,0,0,0,-0.0033333333333333,0.0,-0.0034999999999999,0.0,0,-0.9004,0,0,0,0,1.0498308366666596,1,0.45509798321433875,False,1.4272421833060849,True,0.5583749634253283,False,1.1936751788960274,True,0,False,1.0694490741907756
172,20230420,0.01,0.0,0,0,0,0.01,0.0,0.0069099999999999,0.0,0,-0.2798,0,0,0,0,1.0468934099856664,1,0.28600469252825933,False,1.0545471501889743,False,0.32797922429191806,False,0.8480486374514721,False,0,False,1.06645675568119
173,20230421,0.0,0.0066666666666666,0,0,0,-0.0066666666666666,0.0,-0.00277,0.0,0,-1.956,0,0,0,0,1.0468934099856664,1,0.24624512060202966,False,0.6511920372126322,False,0.22637267045207668,False,0.4786506688766901,False,0,False,1.045596861540066
174,20230424,0.0033333333333333,0.0066666666666666,0,0,0,-0.0033333333333333,0.0,-0.0010399999999999,0.0,0,-1.238,0,0,0,0,1.0468934099856664,1,0.0736500023543878,False,0.26964425277676524,False,0.03259559243313249,False,0.14062994084884722,False,0,False,1.0326523723942
175,20230425,0.0033333333333333,0.0133333333333333,0,0,0,-0.01,0.0,-0.01038,0.0,0,-0.5016,0,0,0,0,1.0468934099856664,1,-0.1593395126716345,False,-0.09723258148278857,False,-0.18934946245988984,False,-0.17361496124464998,False,0,False,1.0274725880942708
176,20230426,0.0133333333333333,0.0166666666666666,0,0,0,-0.0033333333333333,0.0,-0.0008399999999999,0.0,0,-0.0866,0,0,0,0,1.0468934099856664,1,-0.5522973215757558,False,-0.4560172528252924,False,-0.6631555271395229,False,-0.4725010008085536,False,0,False,1.026582796832981
177,20230427,0.0033333333333333,0.0066666666666666,0,0,0,-0.0033333333333333,-0.0033333333333333,0.02043,-0.0023,0,0.7372,0,0,0,0,1.0468934099856664,1,-0.95293148955283,False,-0.7478534067027278,False,-1.0832802142226357,False,-0.692114555890679,False,0,False,1.0341507652112336
178,20230428,0.0033333333333333,0.0,0,0,0,0.0033333333333333,0.0,0.00194,0.0,0,1.0196,0,0,0,0,1.0468934099856664,1,-1.3716974150753456,False,-1.9657103585424338,False,-0.750908881746082,False,-1.989082676373113,False,0,False,1.0446949664133274
179,20230504,0.0133333333333333,0.0066666666666666,0,0,0,0.0066666666666666,0.0033333333333333,0.00307,0.00194,0,0.0288,0,0,0,0,1.0468934099856664,1,-1.585445942236274,False,-3.235471753406416,False,-0.36142985896150337,False,-3.428627462969719,False,0,False,1.0449958385636544
180,20230505,0.0,0.0033333333333333,0,0,0,-0.0033333333333333,0.0,-0.00161,0.0,0,-0.3317,0,0,0,0,1.0468934099856664,1,-1.4658943025290667,False,-2.5965712626052024,False,0.08450060564350957,False,-2.9716071184279875,False,0,False,1.0415295873671389
181,20230508,0.0166666666666666,0.0,0,0,0,0.0166666666666666,0.0,0.01709,0.0,0,1.1398,0,0,0,0,1.0468934099856664,1,-1.404818120871559,False,-1.93502912360297,False,0.3722667929772799,False,-2.4112669609822883,False,0,False,1.0534009416039496
182,20230509,0.0033333333333333,0.0033333333333333,0,0,0,0.0,0.0,-0.00327,0.0,0,-0.8563,0,0,0,0,1.0468934099856664,1,-0.7574534890199044,False,-1.29448099462478,False,0.8970248988517715,False,-1.7888724694159783,False,0,False,1.044380669340995
183,20230510,0.0,0.0033333333333333,0,0,0,-0.0033333333333333,0.0,-0.00066,0.0,0,-0.7698,0,0,0,0,1.0468934099856664,1,-0.2528661702946925,False,-0.6959665665123387,False,1.0707656030000536,False,-1.1252322809868032,False,0,False,1.036341026948408
184,20230511,0.0033333333333333,0.0,0,0,0,0.0033333333333333,0.0,0.0011799999999999,0.0,0,-0.1553,0,0,0,0,1.0468934099856664,1,-0.011998212682044733,False,-0.351530617242832,False,1.1202378653242977,False,-0.7145963716547491,False,0,False,1.034731589333557
185,20230512,0.0,0.0,0,0,0,0.0,0.0,0.0,0.0,0,-1.3256,0,0,0,0,1.0468934099856664,1,0.22874114837389656,False,-0.2394369746289704,False,1.1238839417638264,False,-0.5531034933303758,False,0,False,1.0210151873853512
186,20230515,0.0133333333333333,0.0,0,0,0,0.0133333333333333,0.0,0.00979,0.0,0,1.5523,0,0,0,0,1.0468934099856664,1,0.3991121604891791,False,-0.1284978135281921,False,1.0807158382795319,False,-0.3868527051429968,False,0,False,1.036864406139134
187,20230516,0.0,0.0,0,0,0,0.0,0.0,0.0,0.0,0,-0.5172,0,0,0,0,1.0468934099856664,1,0.8412930489844286,False,-0.018315860905199856,False,1.1707908784928807,True,-0.217313698468739,False,0,False,1.0315017434305827
188,20230517,0.0,0.0,0,0,0,0.0,0.0,0.0,0.0,0,-0.4535,0,0,0,0,1.0468934099856664,1,1.1633657960135686,True,0.0914696420166757,False,1.2284258598238689,True,-0.04600277107189875,False,0,False,1.026823883024125
189,20230518,0.0033333333333333,0.0,0,0,0,0.0033333333333333,0.0,0.00225,0.0,0,-0.1034,0,0,0,0,1.0468934099856664,1,1.4190161777952188,True,0.19248447344229955,False,1.2457223956353303,True,0.11371905118420116,False,0,False,1.025762147129078
190,20230519,0.0,0.0,0,0,0,0.0,0.0,0.0,0.0,0,-0.2914,0,0,0,0,1.0468934099856664,1,1.6518243697427812,True,0.2927872704518173,False,1.2542387116185565,True,0.27543209855987916,False,0,False,1.022773076232344
191,20230522,0.0033333333333333,0.0,0,0,0,0.0033333333333333,0.0,0.00013,0.0,0,0.6284,0,0,0,0,1.0468934099856664,1,1.7780133609601139,True,0.3931017453876587,False,1.2019981894913796,True,0.4439047920705578,False,0,False,1.0292001822433878
192,20230523,0.0,0.0,0,0,0,0.0,0.0,0.0,0.0,0,-1.4143,0,0,0,0,1.0468934099856664,1,1.843963250746444,True,0.484943780588004,False,1.0614499120204297,False,0.6066119037609384,False,0,False,1.0146442040659196
193,20230524,0.0,0.0,0,0,0,0.0,0.0,0.0,0.0,0,-1.3824,0,0,0,0,1.0468934099856664,1,1.8227198545480052,True,0.5594214755872485,False,0.8675493712614071,False,0.7620001527512306,False,0,False,1.0006177625889123
194,20230525,0.0033333333333333,0.0,0,0,0,0.0033333333333333,0.0,0.0034999999999999,0.0,0,-0.2227,0,0,0,0,1.0468934099856664,1,1.7111254445399449,True,0.5014091428736939,False,0.6695757147371948,False,0.7405591908373949,False,0,False,0.9983893868316268
195,20230526,0.0033333333333333,0.0,0,0,0,0.0033333333333333,0.0,0.0011899999999999,0.0,0,0.0117,0,0,0,0,1.0468934099856664,1,1.6105516208707449,True,0.31539572670268107,False,0.5556270627350989,False,0.5443031529390941,False,0,False,0.9985061983898861
196,20230529,0.0033333333333333,0.0033333333333333,0,0,0,0.0,0.0,-0.0011099999999999,0.0,0,-0.4417,0,0,0,0,1.0468934099856664,1,1.563981073319138,True,0.1461751594328524,False,0.47786924550099713,False,0.35358065354028506,False,0,False,0.994095796511598
197,20230530,0.0033333333333333,0.0,0,0,0,0.0033333333333333,0.0,0.00184,0.0,0,0.0994,0,0,0,0,1.0468934099856664,1,1.451730854483907,True,0.0040321646631267735,False,0.3570208004214765,False,0.18437266293285118,False,0,False,0.9950839277333304
198,20230531,0.0,0.0,0,0,0,0.0,0.0,0.0,0.0,0,-1.0217,0,0,0,0,1.0468934099856664,1,1.437177622807566,True,-0.09964988683515029,False,0.3169794049981115,False,0.054870711477638875,False,0,False,0.984917155243679
199,20230601,0.0133333333333333,0.0,0,0,0,0.0133333333333333,0.0,0.0112799999999999,0.0,0,0.2191,0,0,0,0,1.0468934099856664,1,1.3914980518289293,True,-0.1515450461571692,False,0.26543621724798916,False,-0.008424443342490784,False,0,False,0.9870751087308179
200,20230602,0.0,0.0,0,0,0,0.0,0.0,0.0,0.0,0,1.4439,0,0,0,0,1.0468934099856664,1,1.6890150738833871,True,-0.17417326029620617,False,0.5441720691434518,False,-0.032418753096196316,False,0,False,1.0013274862257824
201,20230605,0.0,0.0,0,0,0,0.0,0.0,0.0,0.0,0,-0.4553,0,0,0,0,1.0468934099856664,1,1.8195816129523654,True,-0.20502349351913224,False,0.7223308842725595,False,-0.06732152836533141,False,0,False,0.9967684421809964
202,20230606,0.0,0.0,0,0,0,0.0,0.0,0.0,0.0,0,-0.9387,0,0,0,0,1.0468934099856664,1,1.829724076568793,True,-0.2491547313279063,False,0.8138626165227119,False,-0.1227346231905892,False,0,False,0.9874117768142433
203,20230607,0.0,0.0033333333333333,0,0,0,-0.0033333333333333,0.0,-0.0028199999999999,0.0,0,-0.4942,0,0,0,0,1.0468934099856664,1,1.7619864254151587,True,-0.31749553897502764,False,0.8399566919266185,False,-0.22425928945249846,False,0,False,0.9825319878132273
204,20230608,0.0,0.0,0,0,0,0.0,0.0,0.0,0.0,0,0.814,0,0,0,0,1.0468934099856664,1,1.5242847100728592,True,-0.4374968149620347,False,0.7198706842956922,False,-0.4704641541031948,False,0,False,0.990529798194027
205,20230609,0.02,0.0,0,0,0,0.02,0.0,0.01367,0.0,0,0.4323,0,0,0,0,1.0468934099856664,1,1.2061823463617392,True,-0.7074935429555009,False,0.5450317388211106,False,-1.9787018060246946,False,0,False,0.9948118585116198
206,20230612,0.0066666666666666,0.0,0,0,0,0.0066666666666666,0.0,0.0047799999999999,0.0,0,0.2015,0,0,0,0,1.0468934099856664,1,1.6665021960067796,True,-1.8740059195845404,False,0.8902615882946031,False,1.4535767346970043,False,0,False,0.9968164044065209
207,20230613,0.0033333333333333,0.0,0,0,0,0.0033333333333333,0.0,0.0012,0.0,0,0.5326,0,0,0,0,1.0468934099856664,1,2.123266074028446,True,2.8336266430218484,False,1.2845591268655359,True,0.6229467664334147,False,0,False,1.00212544857639
208,20230614,0.0,0.0,0,0,0,0.0,0.0,0.0,0.0,0,-0.0228,0,0,0,0,1.0468934099856664,1,2.427646338141656,True,0.8030289501991943,False,1.5688649502449719,True,0.4285400434963758,False,0,False,1.0018969639741147
209,20230615,0.01,0.0,0,0,0,0.01,0.0,0.00633,0.0,0,1.5909,0,0,0,0,1.0468934099856664,1,2.520901149844229,True,0.4013399104884713,False,1.7110833074689527,True,0.27877399668580843,False,0,False,1.0178361427739788
210,20230616,0.0033333333333333,0.0,0,0,0,0.0033333333333333,0.0,0.00216,0.0,0,0.9642,0,0,0,0,1.0468934099856664,1,2.6149268868587043,True,0.18700477926818296,False,1.865271128406112,True,0.14820613601619934,False,0,False,1.0276501188626055
211,20230619,0.01,0.0,0,0,0,0.01,0.0,0.00984,0.0,0,-0.8186,0,0,0,0,1.0468934099856664,1,2.5196071981486696,True,0.08384862231568167,False,1.8787290991248133,True,0.0726585222063646,False,0,False,1.0192377749895962
212,20230620,0.0066666666666666,0.0,0,0,0,0.0066666666666666,0.0,0.0096499999999999,0.0,0,-0.1697,0,0,0,0,1.0468934099856664,1,2.489097550252304,True,0.03179478684681973,False,2.0142849431049523,True,0.029413572601832753,False,0,False,1.017508128485439
213,20230621,0.0,0.0066666666666666,0,0,0,-0.0066666666666666,0.0,-0.00362,0.0,0,-1.5342,0,0,0,0,1.0468934099856664,1,2.4385554382396974,True,0.007175956294866112,False,2.1872688814163044,True,0.006836510770616418,False,0,False,1.0018975187782155
214,20230626,0.0033333333333333,0.0066666666666666,0,0,0,-0.0033333333333333,0.0,-0.0051,0.0,0,-1.4062,0,0,0,0,1.0468934099856664,1,2.1872235126535418,True,-0.0,False,2.1208585117528753,True,-0.0,False,0,False,0.9878088358691562
215,20230627,0.0066666666666666,0.0,0,0,0,0.0066666666666666,0.0,0.00171,0.0,0,0.9381,0,0,0,0,1.0468934099856664,1,1.8300104411717115,True,-0.0,False,1.8556218976087722,True,-0.0,False,0,False,0.9970754705584449
216,20230628,0.0,0.0066666666666666,0,0,0,-0.0066666666666666,0.0,-0.00607,0.0,0,-0.1205,0,0,0,0,1.0468934099856664,1,1.6087006515924545,True,-0.0,False,1.612411043900797,True,-0.0,False,0,False,0.995873994616422
217,20230629,0.0,0.0,0,0,0,0.0,0.0,0.0,0.0,0,-0.4935,0,0,0,0,1.0468934099856664,1,1.2550474682901995,True,-0.0,False,1.2099738950708843,True,-0.0,False,0,False,0.9909593564529899
218,20230630,0.0033333333333333,0.0,0,0,0,0.0033333333333333,0.0,0.00117,0.0,0,0.5392,0,0,0,0,1.0468934099856664,1,0.9354916713272181,False,-0.0,False,0.8338197303424373,False,-0.0,False,0,False,0.9963026093029845
219,20230703,0.0,0.0033333333333333,0,0,0,-0.0033333333333333,0.0,-0.002554,0.0,0,1.3125,0,0,0,0,1.0468934099856664,1,0.7393306291316049,False,-0.0,False,0.562754204036543,False,-0.0,False,0,False,1.0093790810500862
220,20230704,0.01,0.0,0,0,0,0.01,0.0,0.004882,0.0,0,0.1575,0,0,0,0,1.0468934099856664,1,0.45695575913091746,False,-0.0,False,0.2428380587214161,False,-0.0,False,0,False,1.0109688531027403
221,20230705,0.0,0.0,0,0,0,0.0,0.0,0.0,0.0,0,-0.7748,0,0,0,0,1.0468934099856664,1,0.3895799347355417,False,-0.0,False,0.08327551042067023,False,-0.0,False,0,False,1.0031358664289003
222,20230706,0.0,0.0,0,0,0,0.0,0.0,0.0,0.0,0,-0.6734,0,0,0,0,1.0468934099856664,1,0.3305769986446388,False,-0.0,False,-0.044789238803607696,False,-0.0,False,0,False,0.9963807495043681
223,20230707,0.0,0.0,0,0,0,0.0,0.0,0.0,0.0,0,-0.4438,0,0,0,0,1.0468934099856664,1,0.2521952461626633,False,-0.0,False,-0.17576662653757208,False,-0.0,False,0,False,0.9919588117380677
224,20230710,0.0033333333333333,0.0,0,0,0,0.0033333333333333,0.0,0.001118,0.0,0,0.4869,0,0,0,0,1.0468934099856664,1,0.15320255239028138,False,-0.0,False,-0.31264207073500433,False,-0.0,False,0,False,0.9967886591924203
225,20230711,0.0,0.0,0,0,0,0.0,0.0,0.0,0.0,0,0.6545,0,0,0,0,1.0468934099856664,1,0.13087816821989728,False,-0.0,False,-0.4016962322294913,False,-0.0,False,0,False,1.0033126409668347
226,20230712,0.0,0.0033333333333333,0,0,0,-0.0033333333333333,0.0,-0.002549,0.0,0,-0.6732,0,0,0,0,1.0468934099856664,1,0.0695703207557548,False,-0.0,False,-0.518058584595222,False,-0.0,False,0,False,0.996558340267846
227,20230713,0.0033333333333333,0.0,0,0,0,0.0033333333333333,0.0,0.005057,0.0,0,1.4306,0,0,0,0,1.0468934099856664,1,-0.0780438213156117,False,-0.0,False,-0.7727608221750654,False,-0.0,False,0,False,1.0108151038837176
228,20230714,0.0066666666666666,0.0,0,0,0,0.0066666666666666,0.0033333333333333,0.009951,0.005057,0,0.0174,0,0,0,0,1.0468934099856664,1,-0.0870066034692718,False,-0.0,False,-0.661934058703267,False,-0.0,False,0,False,1.0109909857117934
229,20230717,0.0,0.0,0,0,0,0.0,0.0,0.0,0.0,0,-0.8188,0,0,0,0,1.0468934099856664,1,0.12596781929873418,False,-13.99502185589542,False,0.06836907880467633,False,10.947544013824642,True,0,False,1.0027129915207853
230,20230718,0.0,0.0,0,0,0,0.0,0.0,0.0,0.0,0,-0.3164,0,0,0,0,1.0435810392364717,1,0.28703629223127636,False,22.00049182488212,True,0.6254748501603228,False,7.088927112955274,True,0,False,0.9995404076156136
231,20230719,0.0,0.0,0,0,0,0.0,0.0,0.0,0.0,0,-0.1057,0,0,0,0,1.0424779740779988,1,0.39879788427232615,False,10.50421831042635,True,1.0156976439404553,False,5.838220122162771,True,0,False,0.998483893404764
232,20230720,0.0,0.0,0,0,0,0.0,0.0,0.0,0.0,0,-0.7056,0,0,0,0,1.0351222494929044,1,0.47661447832073395,False,7.5456162830657165,True,1.262434470703317,True,4.94610858837313,True,0,False,0.9914385910529
233,20230721,0.0033333333333333,0.0,0,0,0,0.0033333333333333,0.0,0.000898,0.0,0,-0.0467,0,0,0,0,1.0346388474023913,1,0.47241409791295536,False,5.827642769901925,True,1.3110581822851137,True,4.1346152144532455,True,0,False,0.9909755892308783
234,20230724,0.0,0.0,0,0,0,0.0,0.0,0.0,0.0,0,-0.4367,0,0,0,0,1.030120579555785,1,0.5107020008904151,False,4.467979653209075,True,1.263133938339981,True,3.3164480004254786,True,0,False,0.986647998832707
235,20230725,0.0266666666666666,0.0,0,0,0,0.0266666666666666,0.0,0.01763,0.0,0,2.888,0,0,0,0,1.059870461893356,1,0.5277946931312889,False,3.5806086994881983,True,1.2000459283229332,True,2.7328992139483126,True,0,False,1.0151423930389956
236,20230726,0.0,0.0,0,0,0,0.0,0.0,0.0,0.0,0,-0.207,0,0,0,0,1.0576765300372368,1,1.273359151417683,True,2.9445559156934378,True,1.798423788546531,True,2.286943810196877,True,0,False,1.0130410482854049
237,20230727,0.0,0.0,0,0,0,0.0,0.0,0.0,0.0,0,-0.1195,0,0,0,0,1.0564126065838424,1,1.6932491910201328,True,2.45420035636348,True,2.108936312059972,True,1.9256274887164182,True,0,False,1.0118304642327038
238,20230728,0.0133333333333333,0.0033333333333333,0,0,0,0.01,0.0,0.021507,0.0,0,2.3163,0,0,0,0,1.080882291790144,1,1.891559438018292,True,2.0508575624159877,True,2.2311127553287817,True,1.6163158382304175,True,0,False,1.035267493275726
239,20230731,0.0,0.0,0,0,0,0.0,0.0,0.0,0.0,0,0.5483,0,0,0,0,1.086808769396029,1,2.088156250550974,True,1.6966463577479536,True,2.677146004453723,True,1.3359979291383526,True,0,False,1.0409438649413567
240,20230801,0.0,0.0,0,0,0,0.0,0.0,0.0,0.0,0,-0.4142,0,0,0,0,1.0823072074731908,1,2.0857933409748077,True,1.3205370484310452,True,2.7606395763116547,True,1.0394892019290138,False,0,False,1.0366322754527697
241,20230802,0.0,0.0,0,0,0,0.0,0.0,0.0,0.0,0,-0.703,0,0,0,0,1.0823072074731908,1,1.9309335640080814,True,0.9223631284705598,False,2.6187036112895,True,0.7258014054139058,False,0,False,1.0293447505563367
242,20230803,0.0033333333333333,0.0,0,0,0,0.0033333333333333,0.0,0.001496,0.0,0,0.8839,0,0,0,0,1.0823072074731908,1,1.7616869344769064,True,0.4995665679659517,False,2.405447442883199,True,0.3933133563703199,False,0,False,1.0384431288065041
243,20230804,0.0,0.0,0,0,0,0.0,0.0,0.0,0.0,0,0.3894,0,0,0,0,1.0823072074731908,1,1.6183855688466315,True,0.05139926169248154,False,2.144559527451185,True,0.04052365142770313,False,0,False,1.0424868263500768
244,20230807,0.0,0.0033333333333333,0,0,0,-0.0033333333333333,0.0,-0.0064529999999999,0.0,0,-0.7568,0,0,0,0,1.0823072074731908,1,1.434229573515823,True,-0.42302145769456934,False,1.8154549451015638,True,-0.3342637035178584,False,0,False,1.0345972860482595
245,20230808,0.0,0.0,0,0,0,0.0,0.0,0.0,0.0,0,-0.2612,0,0,0,0,1.0823072074731908,1,1.2031349496725265,True,-0.7373868949076772,False,1.4206226252686411,True,-0.5844615466120369,False,0,False,1.0318949179371015
246,20230809,0.0,0.0,0,0,0,0.0,0.0,0.0,0.0,0,-0.3057,0,0,0,0,1.0823072074731908,1,0.9864169472570452,False,-0.9153397010824331,False,1.082860839040065,False,-0.7283210229115574,False,0,False,1.0287404151729678
247,20230810,0.0033333333333333,0.0,0,0,0,0.0033333333333333,0.0,0.000396,0.0,0,0.2055,0,0,0,0,1.0823072074731908,1,0.7620295797331519,False,-0.9841274326218991,False,0.777543554680402,False,-0.7866904965519832,False,0,False,1.030854476726148
248,20230811,0.0,0.0033333333333333,0,0,0,-0.0033333333333333,0.0,-0.000396,0.0,0,-2.3005,0,0,0,0,1.0823072074731908,1,0.6073956273977406,False,-0.9747943557872529,False,0.5076076525413712,False,-0.7834174171050143,False,0,False,1.0071396694890629
249,20230814,0.0,0.0033333333333333,0,0,0,-0.0033333333333333,0.0,-0.001277,0.0,0,-0.7298,0,0,0,0,1.0823072074731908,1,0.35135367900717096,False,-0.92244987337822,False,0.24435008996154517,False,-0.7458437134846759,False,0,False,0.9997895641811316
250,20230815,0.0,0.0033333333333333,0,0,0,-0.0033333333333333,0.0,-0.0012339999999999,0.0,0,-0.243,0,0,0,0,1.0823072074731908,1,-0.016226368651336708,False,-0.8666464768826975,False,-0.05617440830198248,False,-0.7054212059800635,False,0,False,0.9973600755401715
251,20230816,0.0,0.0,0,0,0,0.0,0.0,0.0,0.0,0,-0.7332,0,0,0,0,1.0823072074731908,1,-0.5439547857106585,False,-0.8072239796363831,False,-0.4470676788677951,False,-0.661844490951116,False,0,False,0.9900474314663109
252,20230817,0.0033333333333333,0.0,0,0,0,0.0033333333333333,0.0,0.001101,0.0,0,0.3344,0,0,0,0,1.0823072074731908,1,-1.0349337300995227,False,-0.7439702446565867,False,-0.8173125930717374,False,-0.6147544222454839,False,0,False,0.9933581500771342
253,20230818,0.0,0.0,0,0,0,0.0,0.0,0.0,0.0,0,-1.2293,0,0,0,0,1.0823072074731908,1,-1.300528564142781,False,-0.6765024034156442,False,-1.1047030891624523,False,-0.5637082580129127,False,0,False,0.981146798338236
254,20230821,0.0,0.0,0,0,0,0.0,0.0,0.0,0.0,0,-1.4389,0,0,0,0,1.0823072074731908,1,-1.476838967805315,False,-0.6043848143290131,False,-1.3680668947724755,False,-0.508185603971854,False,0,False,0.9670290770569472
255,20230822,0.0033333333333333,0.0066666666666666,0,0,0,-0.0033333333333333,0.0,-0.000465,0.0,0,0.7688,0,0,0,0,1.0823072074731908,1,-1.5502035834295238,False,-0.5271196457215661,False,-1.5102229592284007,False,-0.4475706083932876,False,0,False,0.974463596601361
256,20230823,0.0,0.0,0,0,0,0.0,0.0,0.0,0.0,0,-1.6389,0,0,0,0,1.0823072074731908,1,-1.8492406189789996,False,-0.44413536766871226,False,-1.6004723969725068,False,-0.38112902258611003,False,0,False,0.9584931127166613
257,20230824,0.0066666666666666,0.0066666666666666,0,0,0,0.0,0.0,0.000446,0.0,0,0.7249,0,0,0,0,1.0823072074731908,1,-2.1842247952192166,False,-0.3547725901498434,False,-1.6290302491567863,False,-0.30797831223801336,False,0,False,0.9654412292907444
258,20230825,0.0,0.01,0,0,0,-0.01,0.0,-0.00514,0.0,0,-0.3835,0,0,0,0,1.0823072074731908,1,-2.568751635865198,False,-0.2582665050755095,False,-1.5547885915213964,False,-0.22704823303609192,False,0,False,0.9617387621764143
259,20230828,0.0,0.0033333333333333,0,0,0,-0.0033333333333333,0.0,-0.000911,0.0,0,1.1719,0,0,0,0,1.0823072074731908,1,-5.066534914198092,False,-0.15402223768941364,False,-1.9960597752823206,False,-0.13712147515416814,False,0,False,0.9730093787303598
260,20230829,0.0133333333333333,0.0,0,0,0,0.0133333333333333,0.0,0.0072519999999999,0.0,0,0.999,0,0,0,0,1.0823072074731908,1,-13.66626962793593,False,-0.08067260458382877,False,-2.5926737384012633,False,-0.0727429062774412,False,0,False,0.982729742423876
261,20230830,0.0,0.0,0,0,0,0.0,0.0,0.0,0.0,0,-0.0421,0,0,0,0,1.0823072074731908,1,-16.007618630808256,False,-0.03393760490389137,False,-1.9206793409604128,False,-0.031006470684311366,False,0,False,0.9823160132023155
262,20230831,0.0,0.0,0,0,0,0.0,0.0,0.0,0.0,0,-0.6135,0,0,0,0,1.0823072074731908,1,-22.069876477704153,False,-0.008981338294064051,False,-1.273396768385951,False,-0.008308482512991145,False,0,False,0.9762895044613193
263,20230901,0.0,0.0,0,0,0,0.0,0.0,0.0,0.0,0,0.6965,0,0,0,0,1.0823072074731908,1,-74.53766938215234,False,0.0,False,-0.6338988720532207,False,0.0,False,0,False,0.9830893608598925
264,20230904,0.0,0.0033333333333333,0,0,0,-0.0033333333333333,0.0,-0.001292,0.0,0,1.5155,0,0,0,0,1.0823072074731908,1,13.102400513471073,False,0.0,False,0.028577734771323804,False,0.0,False,0,False,0.9979880801237242
265,20230905,0.0033333333333333,0.0,0,0,0,0.0033333333333333,0.0,0.001413,0.0,0,-0.744,0,0,0,0,1.0823072074731908,1,2.2799507884602677,False,0.0,False,0.31803850906341413,False,0.0,False,0,False,0.9905630488076037
266,20230906,0.0,0.0,0,0,0,0.0,0.0,0.0,0.0,0,-0.217,0,0,0,0,1.0823072074731908,1,0.003841996642131859,False,0.0,False,0.6719431127880305,False,0.0,False,0,False,0.9884135269916912
267,20230907,0.0,0.0,0,0,0,0.0,0.0,0.0,0.0,0,-1.4049,0,0,0,0,1.0823072074731908,1,-1.1508932917914718,False,0.0,False,0.9894379968543371,False,0.0,False,0,False,0.9745273053509849
268,20230908,0.0033333333333333,0.0,0,0,0,0.0033333333333333,0.0,0.000383,0.0,0,-0.4917,0,0,0,0,1.0823072074731908,1,-1.7242556804907716,False,0.0,False,1.2912548966106792,True,0.0,False,0,False,0.9697355545905741
269,20230911,0.0,0.0,0,0,0,0.0,0.0,0.0,0.0,0,0.7365,0,0,0,0,1.0823072074731908,1,-3.9285835126501736,False,0.0,False,1.703990129352872,True,0.0,False,0,False,0.9768776569501337
270,20230912,0.0,0.0,0,0,0,0.0,0.0,0.0,0.0,0,-0.184,0,0,0,0,1.0823072074731908,1,-5.494395349945311,False,0.0,False,2.165768935728264,True,0.0,False,0,False,0.9750802020613455
271,20230913,0.0,0.0,0,0,0,0.0,0.0,0.0,0.0,0,-0.637,0,0,0,0,1.0823072074731908,1,-5.6551058822286455,False,0.0,False,2.762204396516646,True,0.0,False,0,False,0.9688689411742147
272,20230914,0.0,0.0,0,0,0,0.0,0.0,0.0,0.0,0,-0.0841,0,0,0,0,1.0823072074731908,1,-5.367624944113925,False,0.0,False,3.738130522610569,True,0.0,False,0,False,0.9680541223946872
273,20230915,0.0,0.0,0,0,0,0.0,0.0,0.0,0.0,0,-0.6624,0,0,0,0,1.0823072074731908,1,-4.79261439268048,False,0.0,False,6.049153080363807,True,0.0,False,0,False,0.9616417318879449
274,20230918,0.0,0.0,0,0,0,0.0,0.0,0.0,0.0,0,0.5105,0,0,0,0,1.0823072074731908,1,-4.035228726756023,False,0.0,False,25.55622547438366,False,0.0,False,0,False,0.9665509129292328
275,20230919,0.0,0.0,0,0,0,0.0,0.0,0.0,0.0,0,-0.1934,0,0,0,0,1.0823072074731908,1,-3.1583675265828304,False,-0.0,False,-6.9250173214912,False,-0.0,False,0,False,0.9646816034636276
276,20230920,0.0,0.0,0,0,0,0.0,0.0,0.0,0.0,0,-0.3981,0,0,0,0,1.0823072074731908,1,-2.1977943704724083,False,-0.0,False,-1.767977134557297,False,-0.0,False,0,False,0.9608412060002389
277,20230921,0.0,0.0,0,0,0,0.0,0.0,0.0,0.0,0,-0.8971,0,0,0,0,1.0823072074731908,1,-1.5053400452423404,False,-0.0,False,-0.5838876813689492,False,-0.0,False,0,False,0.9522214995412108
278,20230922,0.0033333333333333,0.0,0,0,0,0.0033333333333333,0.0,0.00388,0.0,0,1.8105,0,0,0,0,1.0823072074731908,1,-1.0098234574375051,False,-0.0,False,-0.14911514862890518,False,-0.0,False,0,False,0.9694614697904045
279,20230925,0.0,0.0,0,0,0,0.0,0.0,0.0,0.0,0,-0.6507,0,0,0,0,1.0823072074731908,1,-1.2559453424240345,False,-0.0,False,-1.254290518480186,False,-0.0,False,0,False,0.9631531840064783
280,20230926,0.0033333333333333,0.0,0,0,0,0.0033333333333333,0.0,0.001837,0.0,0,-0.5845,0,0,0,0,1.0823072074731908,1,-1.414831697461897,False,-0.0,False,-2.006057929932757,False,-0.0,False,0,False,0.9575235536459604
281,20230927,0.0033333333333333,0.0,0,0,0,0.0033333333333333,0.0,0.001413,0.0,0,0.2059,0,0,0,0,1.0823072074731908,1,-2.1315341095388827,False,-0.0,False,-3.2343593308607614,False,-0.0,False,0,False,0.9594950946429175
282,20230928,0.0033333333333333,0.0,0,0,0,0.0033333333333333,0.0,0.00139,0.0,0,-0.2967,0,0,0,0,1.0823072074731908,1,-3.599464674699612,False,-0.0,False,-4.879960654247081,False,-0.0,False,0,False,0.956648272697112
283,20231009,0.0066666666666666,0.0,0,0,0,0.0066666666666666,0.0,0.0053,0.0,0,-0.1298,0,0,0,0,1.0823072074731908,1,-6.601868230954497,False,-0.0,False,-7.191440545199029,False,-0.0,False,0,False,0.9554065432391511
284,20231010,0.0,0.0033333333333333,0,0,0,-0.0033333333333333,0.0,-0.0022,0.0,0,-0.7491,0,0,0,0,1.0823072074731908,1,-23.548356707985494,False,-0.0,False,-21.508899294482138,False,-0.0,False,0,False,0.9482495928237465
285,20231011,0.0033333333333333,0.0,0,0,0,0.0033333333333333,0.0,0.00192,0.0,0,0.285,0,0,0,0,1.0823072074731908,1,-207.49840179731171,False,-0.0,False,-49.92238117027311,False,-0.0,False,0,False,0.9509521041632942
286,20231012,0.0066666666666666,0.0,0,0,0,0.0066666666666666,0.0,0.0025599999999999,0.0,0,0.9498,0,0,0,0,1.0823072074731908,1,28.680596670521325,True,-0.0,False,129.535580444674,True,-0.0,False,0,False,0.9599842472486372
287,20231013,0.0,0.0,0,0,0,0.0,0.0,0.0,0.0,0,-1.0526,0,0,0,0,1.0823072074731908,1,11.97644052096493,True,-0.0,False,24.527361337409662,True,-0.0,False,0,False,0.949879453062098
288,20231016,0.0,0.0066666666666666,0,0,0,-0.0066666666666666,0.0,-0.00241,0.0,0,-1.0049,0,0,0,0,1.0823072074731908,1,8.234445967397136,True,-0.0,False,15.265285994993528,True,-0.0,False,0,False,0.940334114438277
289,20231017,0.0033333333333333,0.0033333333333333,0,0,0,0.0,0.0,-0.0007999999999999,0.0,0,0.3531,0,0,0,0,1.0823072074731908,1,6.461509145633924,True,-0.0,False,12.778738464822597,True,-0.0,False,0,False,0.9436544341963585
290,20231018,0.0,0.0033333333333333,0,0,0,-0.0033333333333333,0.0,-0.00213,0.0,0,-0.792,0,0,0,0,1.0823072074731908,1,5.098691122768745,True,-0.0,False,11.03920522973157,True,-0.0,False,0,False,0.9361806910775233
291,20231019,0.0,0.0,0,0,0,0.0,0.0,0.0,0.0,0,-2.1335,0,0,0,0,1.0823072074731908,1,3.7064464532607095,True,-0.0,False,10.12454608598902,True,-0.0,False,0,False,0.9162072760333844
292,20231020,0.0033333333333333,0.0,0,0,0,0.0033333333333333,0.0,0.00194,0.0,0,-0.6496,0,0,0,0,1.0823072074731908,1,2.27787466015544,True,-0.0,False,8.651856498036922,True,-0.0,False,0,False,0.9102555935682716
293,20231023,0.0033333333333333,0.0033333333333333,0,0,0,0.0,0.0,-0.00392,0.0,0,-1.0353,0,0,0,0,1.0823072074731908,1,1.522984904992853,True,-0.0,False,5.873521536654572,False,-0.0,False,0,False,0.9008317174080592
294,20231024,0.0,0.0033333333333333,0,0,0,-0.0033333333333333,0.0,-0.00517,0.0,0,0.3709,0,0,0,0,1.0823072074731908,1,1.008425537533005,False,-0.0,False,30.657427610515064,False,-0.0,False,0,False,0.9041729022479257
295,20231025,0.0,0.0066666666666666,0,0,0,-0.0066666666666666,0.0,-0.00298,0.0,0,0.4969,0,0,0,0,1.0823072074731908,1,-0.16566193627234518,False,-0.0,False,7.574687290549364,False,-0.0,False,0,False,0.9086657373991956
296,20231026,0.0033333333333333,0.0066666666666666,0,0,0,-0.0033333333333333,0.0,-3.000000000000008e-05,0.0,0,0.2764,0,0,0,0,1.0823072074731908,1,-4.300678744254577,False,-0.0,False,6.477531464167267,False,-0.0,False,0,False,0.911177289497367
297,20231027,0.01,0.0,0,0,0,0.01,0.0,0.00332,0.0,0,1.3727,0,0,0,0,1.0823072074731908,1,-31.037618474035522,False,-0.0,False,5.86003765965317,False,-0.0,False,0,False,0.9236850201502974
298,20231030,0.01,0.0,0,0,0,0.01,0.0,0.00533,0.0,0,0.6003,0,0,0,0,1.0823072074731908,1,-28.062095591333765,False,-0.0,False,5.283528860708347,False,-0.0,False,0,False,0.9292299013262596
299,20231031,0.0,0.0,0,0,0,0.0,0.0,0.0,0.0,0,-0.3144,0,0,0,0,1.0823072074731908,1,-4.144635119960881,False,-0.0,False,4.418876579265934,False,-0.0,False,0,False,0.9263084025164898
300,20231101,0.0,0.0,0,0,0,0.0,0.0,0.0,0.0,0,-0.0414,0,0,0,0,1.0823072074731908,1,-0.14344045889682233,False,-0.0,False,3.3729047055867967,False,-0.0,False,0,False,0.925924910837848
301,20231102,0.0,0.0,0,0,0,0.0,0.0,0.0,0.0,0,-0.4715,0,0,0,0,1.0823072074731908,1,1.2785057447565271,True,-0.0,False,2.370569870902101,False,-0.0,False,0,False,0.9215591748832476
302,20231103,0.0033333333333333,0.0,0,0,0,0.0033333333333333,0.0,0.00085,0.0,0,0.8426,0,0,0,0,1.0823072074731908,1,1.7257025253224407,True,-0.0,False,1.5310326648558346,False,-0.0,False,0,False,0.9293242324908139
303,20231106,0.01,0.0,0,0,0,0.01,0.0,0.004697,0.0,0,1.3524,0,0,0,0,1.0823072074731908,1,1.9434486406111202,True,-0.0,False,0.6171015818049885,False,-0.0,False,0,False,0.9418924134110197
304,20231107,0.0033333333333333,0.0,0,0,0,0.0033333333333333,0.0033333333333333,0.001777,0.001777,0,-0.3537,0,0,0,0,1.0823072074731908,1,2.4515700888896395,True,-0.0,False,-4.654463682084275,False,-0.0,False,0,False,0.938560939944785
305,20231108,0.0,0.0,0,0,0,0.0,0.0,0.0,0.0,0,-0.24,0,0,0,0,1.0823072074731908,1,2.696654103889222,True,11.6363311996537,True,25.482385297144504,True,-13.572695001180787,False,0,False,0.9363083936889175
306,20231109,0.0033333333333333,0.0,0,0,0,0.0033333333333333,0.0,0.0017399999999999,0.0,0,0.0486,0,0,0,0,1.0823072074731908,1,2.6956034855680535,True,7.165527987442594,True,9.444834056771665,True,19.886694595433966,True,0,False,0.9367634395682503
307,20231110,0.0,0.0,0,0,0,0.0,0.0,0.0,0.0,0,-0.729,0,0,0,0,1.0744171879307112,1,2.645912018351057,True,5.835020780532858,True,6.9418112127883465,True,9.651424104857384,True,0,False,0.9299344340937977
308,20231113,0.0,0.0,0,0,0,0.0,0.0,0.0,0.0,0,-0.1973,0,0,0,0,1.0722973628189238,1,2.4688385889427114,True,4.916229761150246,True,5.832717124036964,True,6.938693012963881,True,0,False,0.9280996734553306
309,20231114,0.0,0.0,0,0,0,0.0,0.0,0.0,0.0,0,0.0739,0,0,0,0,1.0730897905700472,1,2.219252188164241,True,4.095000433631644,True,5.0678202891088695,True,5.34976342279988,True,0,False,0.9287855391140142
310,20231115,0.0033333333333333,0.0,0,0,0,0.0033333333333333,0.0,0.002002,0.0,0,0.7031,0,0,0,0,1.0806346848875452,1,1.9724189698295087,True,3.2758673690979143,True,4.460177922514896,True,4.090585404058905,True,0,False,0.9353158302395248
311,20231116,0.0,0.0,0,0,0,0.0,0.0,0.0,0.0,0,-0.967,0,0,0,0,1.0701849474846827,1,1.8236296414908368,True,2.693459435439591,True,4.013328491892912,True,3.267125914565075,True,0,False,0.9262713261611086
312,20231117,0.0,0.0,0,0,0,0.0,0.0,0.0,0.0,0,-0.1202,0,0,0,0,1.0688985851778061,1,1.6222084521779991,True,2.249471337909613,True,3.5074546215825704,True,2.675713986339708,True,0,False,0.925157948027063
313,20231120,0.0,0.0,0,0,0,0.0,0.0,0.0,0.0,0,0.2314,0,0,0,0,1.0713720165039076,1,1.3817011701844546,True,1.8905344371243729,True,2.992069562874122,True,2.2189375907699804,True,0,False,0.9272987635187975
314,20231121,0.0,0.0,0,0,0,0.0,0.0,0.0,0.0,0,0.1327,0,0,0,0,1.0727937271698083,1,1.1296960080665552,False,1.5839313981346799,True,2.4893095700570935,True,1.842756033198748,True,0,False,0.928529288977987
315,20231122,0.0,0.0,0,0,0,0.0,0.0,0.0,0.0,0,-1.0235,0,0,0,0,1.0618136833722254,1,0.8857010823456324,False,1.306743696211419,True,2.02017291372969,True,1.5125365097792722,True,0,False,0.9190257917052973
316,20231123,0.0,0.0,0,0,0,0.0,0.0,0.0,0.0,0,0.4826,0,0,0,0,1.0669379962081798,1,0.6435916760049566,False,1.014946799527107,False,1.566553761502627,True,1.1685251591324828,True,0,False,0.9234610101760671
317,20231124,0.0,0.0,0,0,0,0.0,0.0,0.0,0.0,0,-0.6602,0,0,0,0,1.0598940715572134,1,0.42105394192353396,False,0.7073544802224933,False,1.1606544989826704,True,0.8098395163261914,False,0,False,0.9173643205868847
318,20231127,0.0033333333333333,0.0,0,0,0,0.0033333333333333,0.0,0.004246,0.0,0,-0.7368,0,0,0,0,1.0598940715572134,1,0.20116223361979166,False,0.3826485130862671,False,0.7644575206481142,False,0.43552019014125537,False,0,False,0.9106051802728005
319,20231128,0.0066666666666666,0.0,0,0,0,0.0066666666666666,0.0033333333333333,0.00473,0.004246,0,0.1874,0,0,0,0,1.0598940715572134,1,0.1281509160425788,False,0.039359790203377966,False,0.9288367339498547,False,0.04452229404798432,False,0,False,0.9123116543806317
320,20231129,0.0,0.0,0,0,0,0.0,0.0,0.0,0.0,0,-0.8588,0,0,0,0,1.0598940715572134,1,0.3438754762909714,False,0.9694640186709239,False,1.471786154034448,True,2.21428985714088,True,0,False,0.9044767218928108
321,20231130,0.0,0.0,0,0,0,0.0,0.0,0.0,0.0,0,0.2263,0,0,0,0,1.0622926118411473,1,0.4899445076711438,False,1.4425459619100436,True,1.718710637897626,True,2.8211139017257474,True,0,False,0.9065235527144542
322,20231201,0.0,0.0,0,0,0,0.0,0.0,0.0,0.0,0,-0.381,0,0,0,0,1.0582452769900326,1,0.5695325133594028,False,1.6553612612912274,True,1.7699359087862752,True,2.9331207266121586,True,0,False,0.9030696979786121
323,20231204,0.0,0.0066666666666666,0,0,0,-0.0066666666666666,0.0,-0.00373,0.0,0,-0.653,0,0,0,0,1.0513349353312875,1,0.592668320310453,False,1.6924473341173905,True,1.686007176403354,True,2.803663165797428,True,0,False,0.8971726528508118
324,20231205,0.0,0.0,0,0,0,0.0,0.0,0.0,0.0,0,-1.904,0,0,0,0,1.0313175181625798,1,0.2865913368043843,False,1.5924685695099747,True,1.2114758390007154,True,2.5185779443150826,True,0,False,0.8800904855405324
325,20231206,0.0033333333333333,0.0,0,0,0,0.0033333333333333,0.0,0.00083,0.0,0,0.1574,0,0,0,0,1.0329408119361676,1,-0.02633940893528308,False,1.3713163007016718,True,0.7417299173143099,False,2.1093684819440712,True,0,False,0.8814757479647731
326,20231207,0.0,0.0,0,0,0,0.0,0.0,0.0,0.0,0,-0.2446,0,0,0,0,1.0304142387101718,1,-0.11994081929226999,False,1.184479564291747,True,0.4409193276631858,False,1.7874200827816042,True,0,False,0.8793196582852514
327,20231208,0.0033333333333333,0.0,0,0,0,0.0033333333333333,0.0,0.0034799999999999,0.0,0,0.2412,0,0,0,0,1.0328995978539408,1,-0.1636239302935947,False,1.020959129294319,False,0.2314414510882708,False,1.5218723794490636,True,0,False,0.8814405773010355
328,20231211,0.0033333333333333,0.0,0,0,0,0.0033333333333333,0.0,0.0011799999999999,0.0,0,0.5881,0,0,0,0,1.0389740803889198,1,0.017608045300018443,False,0.8727407508606064,False,0.4593744977630452,False,1.2930033796102753,True,0,False,0.886624329336143
329,20231212,0.0,0.0,0,0,0,0.0,0.0,0.0,0.0,0,0.2149,0,0,0,0,1.0412068356876756,1,0.3680729091294197,False,0.7334191829298717,False,0.7760737267706148,False,1.0868956543464128,False,0,False,0.8885296850198863
330,20231213,0.0,0.0,0,0,0,0.0,0.0,0.0,0.0,0,-1.6691,0,0,0,0,1.0412068356876756,1,0.5924088339032471,False,0.5975333898914421,False,0.9494501224806412,False,0.8930996431640454,False,0,False,0.8736992360472193
331,20231214,0.0,0.0,0,0,0,0.0,0.0,0.0,0.0,0,-0.5235,0,0,0,0,1.0412068356876756,1,0.693386651447324,False,0.4524356051590551,False,0.9839909870752285,False,0.6881901406800253,False,0,False,0.8691254205465121
332,20231215,0.0033333333333333,0.0,0,0,0,0.0033333333333333,0.0,0.00108,0.0,0,-0.3106,0,0,0,0,1.0412068356876756,1,0.7075093106556043,False,0.29690967998322004,False,0.9028286087532834,False,0.47066385787960363,False,0,False,0.8664259169902946
333,20231218,0.0,0.0,0,0,0,0.0,0.0,0.0,0.0,0,-0.3647,0,0,0,0,1.0412068356876756,1,0.797398770197898,False,0.12956012967455033,False,0.8097668498406333,False,0.23883873655502166,False,0,False,0.863266061671031
334,20231219,0.0033333333333333,0.0,0,0,0,0.0033333333333333,0.0,0.00108,0.0,0,0.1404,0,0,0,0,1.0412068356876756,1,0.7982233067658334,False,-0.05122307724149942,False,0.6640963497524462,False,-0.009176010401581247,False,0,False,0.8644780872216171
335,20231220,0.0,0.0033333333333333,0,0,0,-0.0033333333333333,0.0,-0.00207,0.0,0,-1.0959,0,0,0,0,1.0412068356876756,1,0.9205605069907734,False,-0.24730807828575507,False,0.6256788765256014,False,-0.27551514017259837,False,0,False,0.8550042718637554
336,20231221,0.0033333333333333,0.0,0,0,0,0.0033333333333333,0.0,0.00063,0.0,0,1.0119,0,0,0,0,1.0412068356876756,1,0.8473366788458484,False,-0.38161659997876524,False,0.4173957648176476,False,-0.45593113540900687,False,0,False,0.8636560600907447
337,20231222,0.0,0.0033333333333333,0,0,0,-0.0033333333333333,0.0,-0.002,0.0,0,0.1909,0,0,0,0,1.0412068356876756,1,0.923462129927326,False,-0.46217149466666124,False,0.3193981148232515,False,-0.5623276178950222,False,0,False,0.8653047795094578
338,20231225,0.0033333333333333,0.0,0,0,0,0.0033333333333333,0.0,0.0018,0.0,0,0.3063,0,0,0,0,1.0412068356876756,1,0.7855574370796113,False,-0.49847742235943204,False,0.03061281897698247,False,-0.6084448045690267,False,0,False,0.8679552080490953
339,20231226,0.0033333333333333,0.0,0,0,0,0.0033333333333333,0.0,0.00108,0.0,0,-0.677,0,0,0,0,1.0412068356876756,1,0.8264082117551463,False,-0.5019527716082889,False,0.013877790029158246,False,-0.6103669005679471,False,0,False,0.8620791512906029
340,20231227,0.0,0.0,0,0,0,0.0,0.0,0.0,0.0,0,0.3479,0,0,0,0,1.0412068356876756,1,0.9592683910129997,False,-0.4864918469406547,False,0.10292028538614295,False,-0.5871474877565616,False,0,False,0.8650783246579429
341,20231228,0.03,0.0,0,0,0,0.03,0.0,0.01916,0.0,0,2.3434,0,0,0,0,1.0412068356876756,1,1.015115733623559,False,-0.4692410702085213,False,0.16523892168504958,False,-0.5616461437358677,False,0,False,0.885350570117977
342,20231229,0.01,0.0,0,0,0,0.01,0.01,0.0159,0.0159,0,0.4853,0,0,0,0,1.0412068356876756,1,2.0824387059048926,True,-0.4498705391690365,False,1.762080105082164,True,-0.5335090929439852,False,0,False,0.8896471764347595
343,20240102,0.0,0.0,0,0,0,0.0,0.0,0.0,0.0,0,-1.3045,0,0,0,0,1.0412068356876756,1,2.7079509740103758,True,2.2688057699181323,True,2.9269377984619602,True,2.8256307593101178,True,0,False,0.8780417290181681
344,20240103,0.0,0.0033333333333333,0,0,0,-0.0033333333333333,0.0,-0.004085,0.0,0,-0.2379,0,0,0,0,1.0387298046255746,1,2.858279571683003,True,3.061932568417189,True,3.203233499000859,True,3.5239510845219004,True,0,False,0.8759528677448339
345,20240104,0.0,0.0,0,0,0,0.0,0.0,0.0,0.0,0,-0.9249,0,0,0,0,1.0291225926625927,1,2.7281916163539965,True,3.2420676901887373,True,3.0649373165821636,True,3.5898253043100277,True,0,False,0.8678511796710621
346,20240105,0.0,0.0,0,0,0,0.0,0.0,0.0,0.0,0,-0.536,0,0,0,0,1.0236064955659212,1,2.4703686127750384,True,3.128899600375242,True,2.775388318152337,True,3.3839489153772293,True,0,False,0.8631994973480251
